id,district,latitude,longitude,crop_type,soil_type,field_area_ha,season,avg_temp_c,total_rainfall_mm,fertilizer_type,motor_type,motor_power_hp,flow_rate_lpm,yield_ton_per_ha,water_requirement_liters,irrigation_hours
1,Gujranwala,32.1877,74.1945,maize,loam,30.22,Kharif,27.1,281.0,DAP,Mega,40,1200,4.1,14505600,201.5
2,Sheikhupura,31.7131,73.9783,cotton,loam,19.77,Kharif,32.3,345.4,Urea,Extra Heavy,30,900,1.5,10280400,190.4
3,Sheikhupura,31.7131,73.9783,wheat,loam,30.93,Rabi,19.3,211.2,FYM,Mega,40,1200,3.1,13918500,193.3
4,Okara,30.8103,73.4513,maize,loam,14.11,Kharif,27.7,367.7,None,Heavy,20,600,3.6,6772800,188.1
5,Gujrat,32.5742,74.0754,sugarcane,clay loam,1.31,Kharif,27.1,441.0,FYM,Small,3,60,57.8,982500,272.9
6,Karachi,24.8607,67.0011,maize,loam,12.45,Kharif,27.9,277.9,NPK,Heavy,20,600,3.1,5976000,166.0
7,Islamabad,33.6844,73.0479,maize,loam,3.5,Kharif,28.3,341.3,DAP,Medium,5,120,3.6,1680000,233.3
8,Rawalpindi,33.5651,73.0169,sugarcane,clay loam,15.7,Kharif,25.7,545.0,DAP,Extra Heavy,30,900,59.5,11775000,218.1
9,Lahore,31.5204,74.3587,wheat,clay loam,5.29,Rabi,18.5,366.1,NPK,Upper Medium,7,200,4.2,2380500,198.4
10,Islamabad,33.6844,73.0479,potato,sandy loam,33.57,Rabi,23.5,274.8,DAP,Mega,40,1200,3.4,13428000,186.5
11,Sialkot,32.4922,74.5311,wheat,loam,16.64,Rabi,19.9,382.4,NPK,Extra Heavy,30,900,3.4,7488000,138.7
12,Rawalpindi,33.5651,73.0169,sugarcane,loam,39.69,Kharif,30.2,551.1,FYM,Mega,40,1200,54.8,29767500,413.4
13,Sukkur,27.7132,68.8482,gram,loamy sand,21.73,Rabi,21.4,162.0,Urea,Extra Heavy,30,900,2.0,7605500,140.8
14,Lahore,31.5204,74.3587,cotton,loam,41.07,Kharif,30.0,191.0,FYM,Ultra,50,1500,2.1,21356400,237.3
15,Okara,30.8103,73.4513,maize,loam,21.04,Kharif,29.9,263.6,None,Extra Heavy,30,900,3.1,10099200,187.0
16,Multan,30.1575,71.5249,rice,clay,35.49,Kharif,34.8,553.7,None,Mega,40,1200,3.6,24133200,335.2
17,Islamabad,33.6844,73.0479,sugarcane,loam,12.93,Kharif,25.7,427.7,FYM,Heavy,20,600,57.2,9697500,269.4
18,Sukkur,27.7132,68.8482,rice,clay,16.67,Kharif,34.0,643.5,NPK,Extra Heavy,30,900,4.0,11335600,209.9
19,Peshawar,34.0151,71.5249,potato,loam,36.06,Rabi,23.8,292.8,FYM,Mega,40,1200,2.5,14424000,200.3
20,Sukkur,27.7132,68.8482,maize,sandy loam,18.96,Kharif,29.8,402.7,NPK,Extra Heavy,30,900,4.3,9100800,168.5
21,Gujranwala,32.1877,74.1945,sugarcane,clay loam,43.04,Kharif,33.8,412.2,NPK,Ultra,50,1500,63.9,32280000,358.7
22,Sahiwal,30.6705,73.1063,wheat,silty loam,33.98,Rabi,18.5,361.0,FYM,Mega,40,1200,3.2,15291000,212.4
23,Bahawalpur,29.3956,71.6836,potato,loam,25.34,Rabi,23.4,292.4,Urea,Mega,40,1200,3.1,10136000,140.8
24,Peshawar,34.0151,71.5249,wheat,clay loam,30.93,Rabi,18.9,238.1,None,Mega,40,1200,4.0,13918500,193.3
25,Faisalabad,31.4504,73.135,rice,clay,30.97,Kharif,32.7,681.3,None,Mega,40,1200,4.5,21059600,292.5
26,Lahore,31.5204,74.3587,cotton,loam,0.95,Kharif,29.1,162.8,Urea,Very Small,2,40,2.1,494000,205.8
27,Rahim Yar Khan,28.4209,70.2952,sugarcane,loam,36.39,Kharif,28.0,589.3,NPK,Mega,40,1200,62.6,27292500,379.1
28,Sukkur,27.7132,68.8482,potato,sandy loam,33.02,Rabi,17.2,245.4,Urea,Mega,40,1200,2.6,13208000,183.4
29,Sargodha,32.0836,72.6711,wheat,loam,33.78,Rabi,19.6,249.8,DAP,Mega,40,1200,3.5,15201000,211.1
30,Lahore,31.5204,74.3587,rice,clay,21.21,Kharif,33.4,684.1,DAP,Extra Heavy,30,900,3.7,14422800,267.1
31,Multan,30.1575,71.5249,cotton,sandy loam,27.64,Kharif,25.8,167.5,DAP,Mega,40,1200,3.0,14372800,199.6
32,Karachi,24.8607,67.0011,cotton,sandy loam,49.5,Kharif,31.7,346.6,Urea,Ultra,50,1500,2.0,25740000,286.0
33,Gujranwala,32.1877,74.1945,rice,clay,18.13,Kharif,26.7,777.9,DAP,Extra Heavy,30,900,4.2,12328400,228.3
34,Kasur,31.1155,74.4466,sugarcane,loam,36.93,Kharif,31.3,503.5,NPK,Mega,40,1200,64.7,27697500,384.7
35,Lahore,31.5204,74.3587,cotton,loam,24.47,Kharif,32.8,242.4,None,Extra Heavy,30,900,2.7,12724400,235.6
36,Rahim Yar Khan,28.4209,70.2952,wheat,silty loam,1.97,Rabi,20.6,246.9,None,Small,3,60,3.7,886500,246.2
37,Lahore,31.5204,74.3587,maize,sandy loam,41.76,Kharif,28.7,466.5,NPK,Ultra,50,1500,4.4,20044800,222.7
38,Gujranwala,32.1877,74.1945,sugarcane,loam,32.03,Kharif,26.3,477.0,FYM,Mega,40,1200,50.2,24022500,333.6
39,Rahim Yar Khan,28.4209,70.2952,sugarcane,loam,15.44,Kharif,32.0,523.8,FYM,Extra Heavy,30,900,59.6,11580000,214.4
40,Faisalabad,31.4504,73.135,sugarcane,clay loam,9.26,Kharif,26.6,491.7,Urea,Large,10,300,66.2,6945000,385.8
41,Multan,30.1575,71.5249,rice,clay,7.27,Kharif,30.4,618.2,NPK,Large,10,300,4.8,4943600,274.6
42,Sialkot,32.4922,74.5311,sugarcane,loam,3.87,Kharif,31.6,481.2,DAP,Medium,5,120,63.9,2902500,403.1
43,Gujranwala,32.1877,74.1945,sugarcane,loam,25.38,Kharif,34.9,472.0,FYM,Mega,40,1200,54.7,19035000,264.4
44,Gujrat,32.5742,74.0754,gram,sandy loam,11.15,Rabi,20.8,133.1,NPK,Heavy,20,600,2.0,3902500,108.4
45,Karachi,24.8607,67.0011,wheat,silty loam,18.18,Rabi,21.4,224.2,DAP,Extra Heavy,30,900,4.2,8181000,151.5
46,Bahawalpur,29.3956,71.6836,potato,sandy loam,12.22,Rabi,18.8,221.4,FYM,Heavy,20,600,2.1,4888000,135.8
47,Sargodha,32.0836,72.6711,sugarcane,loam,12.12,Kharif,33.6,442.8,FYM,Heavy,20,600,63.3,9090000,252.5
48,Karachi,24.8607,67.0011,potato,sandy loam,5.08,Rabi,18.3,311.7,NPK,Upper Medium,7,200,2.6,2032000,169.3
49,Rawalpindi,33.5651,73.0169,gram,loamy sand,16.71,Rabi,19.5,235.9,None,Extra Heavy,30,900,1.8,5848500,108.3
50,Sheikhupura,31.7131,73.9783,rice,clay loam,30.76,Kharif,34.9,602.2,DAP,Mega,40,1200,4.2,20916800,290.5
51,Kasur,31.1155,74.4466,potato,loam,23.89,Rabi,18.5,260.0,NPK,Extra Heavy,30,900,2.9,9556000,177.0
52,Karachi,24.8607,67.0011,maize,loam,47.04,Kharif,25.1,293.2,Urea,Ultra,50,1500,3.9,22579200,250.9
53,Jhang,31.2682,72.3184,rice,clay loam,3.32,Kharif,31.1,673.4,DAP,Medium,5,120,4.4,2257600,313.6
54,Peshawar,34.0151,71.5249,maize,sandy loam,5.0,Kharif,21.5,303.2,DAP,Medium,5,120,3.5,2400000,333.3
55,Sahiwal,30.6705,73.1063,gram,sandy loam,8.0,Rabi,19.2,133.8,None,Large,10,300,1.5,2800000,155.6
56,Gujrat,32.5742,74.0754,potato,sandy loam,15.38,Rabi,21.8,212.7,Urea,Extra Heavy,30,900,3.5,6152000,113.9
57,Okara,30.8103,73.4513,cotton,loam,1.64,Kharif,34.8,167.2,Urea,Small,3,60,2.6,852800,236.9
58,Multan,30.1575,71.5249,cotton,loam,16.25,Kharif,33.3,291.1,None,Extra Heavy,30,900,1.9,8450000,156.5
59,Peshawar,34.0151,71.5249,rice,clay loam,28.21,Kharif,28.1,728.8,Urea,Mega,40,1200,3.8,19182800,266.4
60,Jhang,31.2682,72.3184,gram,sandy loam,24.65,Rabi,21.6,170.6,None,Extra Heavy,30,900,2.2,8627500,159.8
61,Bahawalpur,29.3956,71.6836,gram,sandy loam,21.75,Rabi,15.8,224.8,NPK,Extra Heavy,30,900,2.4,7612500,141.0
62,Sahiwal,30.6705,73.1063,rice,clay loam,17.81,Kharif,33.9,575.8,FYM,Extra Heavy,30,900,4.8,12110800,224.3
63,Rahim Yar Khan,28.4209,70.2952,gram,loamy sand,1.62,Rabi,15.7,134.2,None,Small,3,60,2.4,567000,157.5
64,Rahim Yar Khan,28.4209,70.2952,gram,sandy loam,9.22,Rabi,19.4,195.9,DAP,Large,10,300,2.2,3227000,179.3
65,Jhang,31.2682,72.3184,maize,loam,23.79,Kharif,29.6,449.6,None,Extra Heavy,30,900,4.0,11419200,211.5
66,Peshawar,34.0151,71.5249,cotton,sandy loam,12.4,Kharif,32.6,346.3,Urea,Heavy,20,600,2.4,6448000,179.1
67,Islamabad,33.6844,73.0479,rice,clay loam,38.04,Kharif,28.6,772.9,DAP,Mega,40,1200,4.1,25867200,359.3
68,Sialkot,32.4922,74.5311,cotton,sandy loam,7.14,Kharif,26.4,258.0,NPK,Large,10,300,1.6,3712800,206.3
69,Okara,30.8103,73.4513,gram,sandy loam,13.46,Rabi,18.3,178.0,NPK,Heavy,20,600,2.5,4711000,130.9
70,Sialkot,32.4922,74.5311,wheat,silty loam,17.31,Rabi,22.6,223.3,FYM,Extra Heavy,30,900,3.7,7789500,144.2
71,Islamabad,33.6844,73.0479,rice,clay,5.82,Kharif,29.1,630.4,DAP,Upper Medium,7,200,4.0,3957600,329.8
72,Okara,30.8103,73.4513,gram,sandy loam,4.48,Rabi,15.7,230.4,Urea,Medium,5,120,1.6,1568000,217.8
73,Quetta,30.1798,66.975,potato,sandy loam,45.6,Rabi,20.4,219.1,Urea,Ultra,50,1500,2.7,18240000,202.7
74,Islamabad,33.6844,73.0479,wheat,clay loam,40.8,Rabi,16.4,332.4,None,Ultra,50,1500,3.5,18360000,204.0
75,Rawalpindi,33.5651,73.0169,maize,sandy loam,40.47,Kharif,29.9,348.2,None,Ultra,50,1500,3.8,19425600,215.8
76,Jhang,31.2682,72.3184,rice,clay loam,30.34,Kharif,32.1,786.4,Urea,Mega,40,1200,4.7,20631200,286.5
77,Sheikhupura,31.7131,73.9783,maize,loam,1.97,Kharif,20.7,382.1,FYM,Small,3,60,3.2,945600,262.7
78,Kasur,31.1155,74.4466,rice,clay,18.06,Kharif,25.4,795.0,DAP,Extra Heavy,30,900,4.2,12280800,227.4
79,Sheikhupura,31.7131,73.9783,potato,sandy loam,13.31,Rabi,18.5,302.5,FYM,Heavy,20,600,2.5,5324000,147.9
80,Gujranwala,32.1877,74.1945,maize,loam,31.01,Kharif,22.1,390.1,FYM,Mega,40,1200,3.2,14884800,206.7
81,Rawalpindi,33.5651,73.0169,gram,sandy loam,47.66,Rabi,16.4,141.2,DAP,Ultra,50,1500,2.3,16681000,185.3
82,Quetta,30.1798,66.975,potato,sandy loam,45.39,Rabi,22.3,241.8,None,Ultra,50,1500,2.2,18156000,201.7
83,Lahore,31.5204,74.3587,cotton,loam,17.38,Kharif,27.8,256.1,None,Extra Heavy,30,900,1.8,9037600,167.4
84,Jhang,31.2682,72.3184,potato,loam,20.14,Rabi,17.8,332.5,DAP,Extra Heavy,30,900,2.2,8056000,149.2
85,Sialkot,32.4922,74.5311,cotton,sandy loam,5.25,Kharif,32.2,255.2,None,Upper Medium,7,200,3.0,2730000,227.5
86,Okara,30.8103,73.4513,gram,sandy loam,20.32,Rabi,19.9,130.1,DAP,Extra Heavy,30,900,2.4,7112000,131.7
87,Kasur,31.1155,74.4466,gram,sandy loam,16.03,Rabi,17.9,192.5,DAP,Extra Heavy,30,900,1.9,5610500,103.9
88,Lahore,31.5204,74.3587,rice,clay,15.37,Kharif,29.1,691.4,Urea,Extra Heavy,30,900,3.7,10451600,193.5
89,Sheikhupura,31.7131,73.9783,gram,sandy loam,45.37,Rabi,21.5,231.5,Urea,Ultra,50,1500,2.3,15879500,176.4
90,Jhang,31.2682,72.3184,gram,sandy loam,45.85,Rabi,23.0,197.5,NPK,Ultra,50,1500,2.3,16047500,178.3
91,Rahim Yar Khan,28.4209,70.2952,gram,loamy sand,37.9,Rabi,24.2,102.6,DAP,Mega,40,1200,1.5,13265000,184.2
92,Quetta,30.1798,66.975,maize,sandy loam,39.54,Kharif,23.7,260.5,DAP,Mega,40,1200,4.3,18979200,263.6
93,Quetta,30.1798,66.975,gram,sandy loam,29.93,Rabi,15.9,161.0,NPK,Mega,40,1200,1.6,10475500,145.5
94,Jhang,31.2682,72.3184,maize,sandy loam,10.27,Kharif,27.4,315.8,DAP,Heavy,20,600,4.1,4929600,136.9
95,Jhang,31.2682,72.3184,potato,sandy loam,19.01,Rabi,20.8,223.0,FYM,Extra Heavy,30,900,2.4,7604000,140.8
96,Rahim Yar Khan,28.4209,70.2952,potato,sandy loam,25.13,Rabi,20.8,314.2,None,Mega,40,1200,2.4,10052000,139.6
97,Sukkur,27.7132,68.8482,wheat,loam,15.63,Rabi,24.7,394.8,Urea,Extra Heavy,30,900,3.3,7033500,130.2
98,Okara,30.8103,73.4513,cotton,loam,38.7,Kharif,34.9,231.9,None,Mega,40,1200,2.5,20124000,279.5
99,Karachi,24.8607,67.0011,gram,sandy loam,12.97,Rabi,16.3,220.6,FYM,Heavy,20,600,2.0,4539500,126.1
100,Karachi,24.8607,67.0011,sugarcane,clay loam,6.82,Kharif,26.7,405.4,FYM,Upper Medium,7,200,59.1,5115000,426.2
101,Gujrat,32.5742,74.0754,gram,loamy sand,47.87,Rabi,20.8,227.7,FYM,Ultra,50,1500,2.2,16754500,186.2
102,Sheikhupura,31.7131,73.9783,gram,sandy loam,15.86,Rabi,23.0,209.1,Urea,Extra Heavy,30,900,1.6,5551000,102.8
103,Peshawar,34.0151,71.5249,rice,clay loam,14.18,Kharif,28.1,780.1,FYM,Heavy,20,600,4.5,9642400,267.8
104,Faisalabad,31.4504,73.135,cotton,loam,7.94,Kharif,32.4,327.4,None,Large,10,300,1.8,4128800,229.4
105,Gujranwala,32.1877,74.1945,maize,sandy loam,17.97,Kharif,26.1,497.7,None,Extra Heavy,30,900,4.3,8625600,159.7
106,Karachi,24.8607,67.0011,sugarcane,clay loam,33.93,Kharif,27.2,559.5,NPK,Mega,40,1200,66.3,25447500,353.4
107,Islamabad,33.6844,73.0479,rice,clay,42.8,Kharif,26.3,712.5,DAP,Ultra,50,1500,4.9,29104000,323.4
108,Multan,30.1575,71.5249,maize,sandy loam,26.88,Kharif,25.2,395.0,None,Mega,40,1200,3.0,12902400,179.2
109,Rahim Yar Khan,28.4209,70.2952,gram,loamy sand,31.82,Rabi,19.9,181.6,FYM,Mega,40,1200,1.9,11137000,154.7
110,Bahawalpur,29.3956,71.6836,maize,sandy loam,40.0,Kharif,29.3,299.8,None,Mega,40,1200,3.1,19200000,266.7
111,Okara,30.8103,73.4513,gram,loamy sand,33.93,Rabi,21.6,151.7,None,Mega,40,1200,2.1,11875500,164.9
112,Sialkot,32.4922,74.5311,potato,sandy loam,42.23,Rabi,17.9,238.4,DAP,Ultra,50,1500,3.5,16892000,187.7
113,Sukkur,27.7132,68.8482,maize,loam,3.58,Kharif,22.0,397.3,DAP,Medium,5,120,3.2,1718400,238.7
114,Kasur,31.1155,74.4466,maize,sandy loam,48.86,Kharif,25.9,274.6,DAP,Ultra,50,1500,3.6,23452800,260.6
115,Sargodha,32.0836,72.6711,maize,sandy loam,45.21,Kharif,26.9,325.4,None,Ultra,50,1500,3.7,21700800,241.1
116,Quetta,30.1798,66.975,maize,loam,20.96,Kharif,20.4,279.7,None,Extra Heavy,30,900,3.6,10060800,186.3
117,Faisalabad,31.4504,73.135,wheat,loam,11.32,Rabi,19.6,200.7,Urea,Heavy,20,600,4.3,5094000,141.5
118,Peshawar,34.0151,71.5249,cotton,loam,39.58,Kharif,31.3,178.1,None,Mega,40,1200,2.1,20581600,285.9
119,Gujranwala,32.1877,74.1945,gram,loamy sand,37.74,Rabi,23.9,117.2,NPK,Mega,40,1200,1.6,13209000,183.5
120,Faisalabad,31.4504,73.135,cotton,sandy loam,16.05,Kharif,25.6,214.3,NPK,Extra Heavy,30,900,2.5,8346000,154.6
121,Sialkot,32.4922,74.5311,gram,loamy sand,49.85,Rabi,19.3,230.1,None,Ultra,50,1500,1.9,17447500,193.9
122,Islamabad,33.6844,73.0479,rice,clay loam,28.78,Kharif,26.6,629.4,None,Mega,40,1200,3.7,19570400,271.8
123,Faisalabad,31.4504,73.135,potato,sandy loam,2.12,Rabi,16.8,345.4,NPK,Small,3,60,2.3,848000,235.6
124,Peshawar,34.0151,71.5249,rice,clay loam,16.77,Kharif,30.0,598.0,None,Extra Heavy,30,900,4.0,11403600,211.2
125,Karachi,24.8607,67.0011,potato,loam,1.93,Rabi,21.5,333.5,None,Small,3,60,3.4,772000,214.4
126,Sheikhupura,31.7131,73.9783,sugarcane,loam,48.53,Kharif,31.0,441.6,None,Ultra,50,1500,50.1,36397500,404.4
127,Quetta,30.1798,66.975,sugarcane,loam,0.81,Kharif,30.4,470.3,FYM,Very Small,2,40,56.8,607500,253.1
128,Quetta,30.1798,66.975,potato,sandy loam,40.61,Rabi,18.2,200.0,DAP,Ultra,50,1500,2.9,16244000,180.5
129,Sheikhupura,31.7131,73.9783,sugarcane,clay loam,38.59,Kharif,29.4,445.9,NPK,Mega,40,1200,54.8,28942500,402.0
130,Rahim Yar Khan,28.4209,70.2952,gram,sandy loam,2.22,Rabi,23.6,135.2,DAP,Small,3,60,2.2,777000,215.8
131,Karachi,24.8607,67.0011,sugarcane,clay loam,25.86,Kharif,32.3,415.6,Urea,Mega,40,1200,51.6,19395000,269.4
132,Sahiwal,30.6705,73.1063,cotton,loam,25.57,Kharif,28.6,233.0,FYM,Mega,40,1200,2.8,13296400,184.7
133,Islamabad,33.6844,73.0479,gram,sandy loam,13.84,Rabi,15.5,154.6,NPK,Heavy,20,600,1.9,4844000,134.6
134,Sargodha,32.0836,72.6711,sugarcane,clay loam,19.62,Kharif,34.9,598.5,DAP,Extra Heavy,30,900,59.0,14715000,272.5
135,Sahiwal,30.6705,73.1063,rice,clay loam,8.28,Kharif,32.8,705.0,None,Large,10,300,3.6,5630400,312.8
136,Rawalpindi,33.5651,73.0169,wheat,loam,40.14,Rabi,15.8,310.3,DAP,Ultra,50,1500,3.5,18063000,200.7
137,Quetta,30.1798,66.975,rice,clay loam,22.62,Kharif,28.7,658.5,NPK,Extra Heavy,30,900,3.8,15381600,284.8
138,Rawalpindi,33.5651,73.0169,rice,clay,22.88,Kharif,25.7,624.7,Urea,Extra Heavy,30,900,4.5,15558400,288.1
139,Gujrat,32.5742,74.0754,wheat,loam,44.08,Rabi,20.3,207.2,None,Ultra,50,1500,4.0,19836000,220.4
140,Islamabad,33.6844,73.0479,gram,loamy sand,41.99,Rabi,24.9,211.3,DAP,Ultra,50,1500,1.6,14696500,163.3
141,Islamabad,33.6844,73.0479,rice,clay,49.33,Kharif,31.0,520.8,DAP,Ultra,50,1500,4.0,33544400,372.7
142,Sargodha,32.0836,72.6711,cotton,loam,38.57,Kharif,30.9,312.5,NPK,Mega,40,1200,1.7,20056400,278.6
143,Bahawalpur,29.3956,71.6836,sugarcane,loam,16.25,Kharif,33.6,466.1,DAP,Extra Heavy,30,900,64.0,12187500,225.7
144,Rahim Yar Khan,28.4209,70.2952,maize,sandy loam,23.79,Kharif,26.0,252.6,FYM,Extra Heavy,30,900,3.4,11419200,211.5
145,Sheikhupura,31.7131,73.9783,rice,clay loam,3.16,Kharif,33.6,649.5,NPK,Medium,5,120,4.2,2148800,298.4
146,Sialkot,32.4922,74.5311,gram,sandy loam,4.71,Rabi,16.8,114.8,Urea,Medium,5,120,1.8,1648500,229.0
147,Sukkur,27.7132,68.8482,cotton,sandy loam,45.34,Kharif,33.9,348.8,DAP,Ultra,50,1500,2.9,23576800,262.0
148,Sargodha,32.0836,72.6711,sugarcane,loam,44.81,Kharif,25.6,532.4,None,Ultra,50,1500,55.3,33607500,373.4
149,Rahim Yar Khan,28.4209,70.2952,maize,loam,1.14,Kharif,21.3,379.5,FYM,Small,3,60,3.8,547200,152.0
150,Gujranwala,32.1877,74.1945,rice,clay loam,39.53,Kharif,29.6,545.0,Urea,Mega,40,1200,4.0,26880400,373.3
151,Multan,30.1575,71.5249,potato,loam,36.88,Rabi,15.5,221.5,NPK,Mega,40,1200,2.6,14752000,204.9
152,Sheikhupura,31.7131,73.9783,cotton,loam,3.51,Kharif,30.7,299.0,DAP,Medium,5,120,2.1,1825200,253.5
153,Jhang,31.2682,72.3184,sugarcane,loam,35.13,Kharif,30.9,421.5,None,Mega,40,1200,54.2,26347500,365.9
154,Jhang,31.2682,72.3184,rice,clay,32.65,Kharif,29.8,589.8,DAP,Mega,40,1200,4.1,22202000,308.4
155,Peshawar,34.0151,71.5249,cotton,loam,19.02,Kharif,34.6,240.3,NPK,Extra Heavy,30,900,2.9,9890400,183.2
156,Sialkot,32.4922,74.5311,wheat,loam,12.74,Rabi,23.2,291.4,None,Heavy,20,600,3.1,5733000,159.2
157,Quetta,30.1798,66.975,gram,loamy sand,32.2,Rabi,21.8,136.3,DAP,Mega,40,1200,2.5,11270000,156.5
158,Sargodha,32.0836,72.6711,cotton,sandy loam,40.2,Kharif,31.3,280.7,None,Ultra,50,1500,1.5,20904000,232.3
159,Karachi,24.8607,67.0011,maize,sandy loam,47.57,Kharif,28.3,358.7,Urea,Ultra,50,1500,3.4,22833600,253.7
160,Quetta,30.1798,66.975,gram,loamy sand,33.2,Rabi,19.1,103.4,FYM,Mega,40,1200,1.6,11620000,161.4
161,Sheikhupura,31.7131,73.9783,wheat,loam,38.18,Rabi,17.7,305.4,FYM,Mega,40,1200,4.4,17181000,238.6
162,Jhang,31.2682,72.3184,cotton,sandy loam,4.15,Kharif,27.7,191.9,Urea,Medium,5,120,2.5,2158000,299.7
163,Rawalpindi,33.5651,73.0169,maize,sandy loam,26.85,Kharif,24.0,317.1,DAP,Mega,40,1200,3.6,12888000,179.0
164,Kasur,31.1155,74.4466,wheat,clay loam,18.48,Rabi,20.7,292.7,DAP,Extra Heavy,30,900,3.9,8316000,154.0
165,Okara,30.8103,73.4513,potato,sandy loam,9.54,Rabi,21.1,344.1,None,Large,10,300,2.9,3816000,212.0
166,Sialkot,32.4922,74.5311,gram,loamy sand,4.46,Rabi,15.9,125.7,FYM,Medium,5,120,2.0,1561000,216.8
167,Multan,30.1575,71.5249,rice,clay loam,17.07,Kharif,29.1,756.4,DAP,Extra Heavy,30,900,3.7,11607600,215.0
168,Peshawar,34.0151,71.5249,potato,sandy loam,23.85,Rabi,18.1,316.7,None,Extra Heavy,30,900,3.2,9540000,176.7
169,Rawalpindi,33.5651,73.0169,wheat,silty loam,4.23,Rabi,20.6,270.3,Urea,Medium,5,120,3.9,1903500,264.4
170,Sheikhupura,31.7131,73.9783,rice,clay loam,17.04,Kharif,28.4,553.2,None,Extra Heavy,30,900,4.8,11587200,214.6
171,Lahore,31.5204,74.3587,sugarcane,loam,33.84,Kharif,27.6,598.9,Urea,Mega,40,1200,64.4,25380000,352.5
172,Rawalpindi,33.5651,73.0169,maize,loam,0.59,Kharif,29.3,361.3,DAP,Very Small,2,40,4.5,283200,118.0
173,Karachi,24.8607,67.0011,rice,clay loam,17.57,Kharif,32.9,502.7,DAP,Extra Heavy,30,900,4.7,11947600,221.3
174,Quetta,30.1798,66.975,gram,sandy loam,34.59,Rabi,20.2,145.3,NPK,Mega,40,1200,1.8,12106500,168.1
175,Gujrat,32.5742,74.0754,sugarcane,loam,44.21,Kharif,29.1,553.0,None,Ultra,50,1500,56.6,33157500,368.4
176,Sukkur,27.7132,68.8482,sugarcane,clay loam,11.14,Kharif,32.5,494.1,NPK,Heavy,20,600,53.0,8355000,232.1
177,Bahawalpur,29.3956,71.6836,rice,clay loam,17.06,Kharif,28.4,516.5,None,Extra Heavy,30,900,3.9,11600800,214.8
178,Sheikhupura,31.7131,73.9783,wheat,clay loam,5.8,Rabi,23.3,238.5,Urea,Upper Medium,7,200,3.4,2610000,217.5
179,Sukkur,27.7132,68.8482,rice,clay loam,32.79,Kharif,33.1,569.4,FYM,Mega,40,1200,4.7,22297200,309.7
180,Sialkot,32.4922,74.5311,potato,sandy loam,24.82,Rabi,20.6,262.8,FYM,Extra Heavy,30,900,2.5,9928000,183.9
181,Sahiwal,30.6705,73.1063,potato,loam,32.06,Rabi,24.6,287.4,NPK,Mega,40,1200,3.2,12824000,178.1
182,Sargodha,32.0836,72.6711,gram,loamy sand,49.01,Rabi,23.5,226.9,Urea,Ultra,50,1500,2.5,17153500,190.6
183,Gujrat,32.5742,74.0754,gram,sandy loam,41.9,Rabi,18.1,166.4,NPK,Ultra,50,1500,1.9,14665000,162.9
184,Kasur,31.1155,74.4466,rice,clay,18.47,Kharif,30.3,732.4,FYM,Extra Heavy,30,900,4.9,12559600,232.6
185,Karachi,24.8607,67.0011,sugarcane,loam,37.78,Kharif,26.9,556.6,None,Mega,40,1200,56.9,28335000,393.5
186,Kasur,31.1155,74.4466,sugarcane,clay loam,32.57,Kharif,28.1,570.0,NPK,Mega,40,1200,66.3,24427500,339.3
187,Jhang,31.2682,72.3184,cotton,sandy loam,29.09,Kharif,28.3,242.4,None,Mega,40,1200,2.5,15126800,210.1
188,Rahim Yar Khan,28.4209,70.2952,potato,sandy loam,38.38,Rabi,18.9,287.0,NPK,Mega,40,1200,2.8,15352000,213.2
189,Sheikhupura,31.7131,73.9783,cotton,sandy loam,39.52,Kharif,34.1,161.0,FYM,Mega,40,1200,1.8,20550400,285.4
190,Jhang,31.2682,72.3184,sugarcane,loam,19.72,Kharif,27.2,482.4,None,Extra Heavy,30,900,65.8,14790000,273.9
191,Quetta,30.1798,66.975,cotton,sandy loam,28.73,Kharif,32.3,234.7,NPK,Mega,40,1200,1.8,14939600,207.5
192,Sukkur,27.7132,68.8482,rice,clay loam,33.08,Kharif,25.2,735.5,None,Mega,40,1200,3.6,22494400,312.4
193,Kasur,31.1155,74.4466,gram,sandy loam,6.46,Rabi,21.0,131.3,NPK,Upper Medium,7,200,2.3,2261000,188.4
194,Jhang,31.2682,72.3184,wheat,loam,11.35,Rabi,24.7,237.8,None,Heavy,20,600,3.5,5107500,141.9
195,Sahiwal,30.6705,73.1063,maize,loam,31.77,Kharif,27.1,457.3,None,Mega,40,1200,3.3,15249600,211.8
196,Islamabad,33.6844,73.0479,potato,loam,30.53,Rabi,16.7,245.7,NPK,Mega,40,1200,2.9,12212000,169.6
197,Lahore,31.5204,74.3587,potato,sandy loam,42.7,Rabi,24.6,297.7,FYM,Ultra,50,1500,2.5,17080000,189.8
198,Peshawar,34.0151,71.5249,cotton,loam,35.8,Kharif,25.4,349.7,None,Mega,40,1200,2.0,18616000,258.6
199,Sargodha,32.0836,72.6711,rice,clay,36.12,Kharif,31.9,521.4,NPK,Mega,40,1200,4.0,24561600,341.1
200,Jhang,31.2682,72.3184,gram,loamy sand,33.82,Rabi,15.1,138.7,Urea,Mega,40,1200,2.5,11837000,164.4
201,Rahim Yar Khan,28.4209,70.2952,cotton,loam,2.56,Kharif,33.9,297.0,None,Small,3,60,2.3,1331200,369.8
202,Quetta,30.1798,66.975,sugarcane,clay loam,20.46,Kharif,33.7,515.8,None,Extra Heavy,30,900,63.7,15345000,284.2
203,Kasur,31.1155,74.4466,gram,loamy sand,12.25,Rabi,23.5,131.8,NPK,Heavy,20,600,1.9,4287500,119.1
204,Rahim Yar Khan,28.4209,70.2952,cotton,loam,26.33,Kharif,33.4,305.4,Urea,Mega,40,1200,1.8,13691600,190.2
205,Faisalabad,31.4504,73.135,maize,loam,5.7,Kharif,27.5,250.5,NPK,Upper Medium,7,200,3.2,2736000,228.0
206,Rawalpindi,33.5651,73.0169,rice,clay,20.18,Kharif,32.5,564.5,FYM,Extra Heavy,30,900,4.6,13722400,254.1
207,Karachi,24.8607,67.0011,potato,sandy loam,22.93,Rabi,18.4,241.9,Urea,Extra Heavy,30,900,2.0,9172000,169.9
208,Karachi,24.8607,67.0011,wheat,clay loam,32.33,Rabi,17.5,306.3,NPK,Mega,40,1200,4.4,14548500,202.1
209,Peshawar,34.0151,71.5249,sugarcane,clay loam,15.21,Kharif,32.5,408.0,Urea,Extra Heavy,30,900,60.3,11407500,211.2
210,Karachi,24.8607,67.0011,maize,sandy loam,11.75,Kharif,23.9,367.3,NPK,Heavy,20,600,3.2,5640000,156.7
211,Rawalpindi,33.5651,73.0169,maize,sandy loam,8.49,Kharif,21.4,463.6,FYM,Large,10,300,3.2,4075200,226.4
212,Gujrat,32.5742,74.0754,gram,sandy loam,47.85,Rabi,16.5,232.0,None,Ultra,50,1500,1.9,16747500,186.1
213,Sukkur,27.7132,68.8482,cotton,loam,44.96,Kharif,27.6,217.7,DAP,Ultra,50,1500,1.7,23379200,259.8
214,Sukkur,27.7132,68.8482,gram,sandy loam,45.07,Rabi,17.5,148.7,Urea,Ultra,50,1500,2.1,15774500,175.3
215,Peshawar,34.0151,71.5249,gram,sandy loam,1.9,Rabi,22.2,120.0,DAP,Small,3,60,2.1,665000,184.7
216,Islamabad,33.6844,73.0479,wheat,silty loam,6.38,Rabi,17.4,261.0,DAP,Upper Medium,7,200,3.9,2871000,239.2
217,Gujranwala,32.1877,74.1945,sugarcane,loam,1.02,Kharif,34.9,556.3,DAP,Small,3,60,64.8,765000,212.5
218,Rawalpindi,33.5651,73.0169,sugarcane,loam,13.69,Kharif,32.6,425.6,Urea,Heavy,20,600,63.6,10267500,285.2
219,Bahawalpur,29.3956,71.6836,gram,sandy loam,47.67,Rabi,19.1,157.0,DAP,Ultra,50,1500,2.1,16684500,185.4
220,Rahim Yar Khan,28.4209,70.2952,rice,clay,11.9,Kharif,31.0,501.2,None,Heavy,20,600,4.4,8092000,224.8
221,Rahim Yar Khan,28.4209,70.2952,sugarcane,clay loam,38.44,Kharif,27.5,565.8,DAP,Mega,40,1200,67.1,28830000,400.4
222,Islamabad,33.6844,73.0479,sugarcane,loam,1.71,Kharif,31.5,490.1,Urea,Small,3,60,63.7,1282500,356.2
223,Peshawar,34.0151,71.5249,sugarcane,clay loam,6.84,Kharif,31.7,540.3,FYM,Upper Medium,7,200,54.2,5130000,427.5
224,Islamabad,33.6844,73.0479,rice,clay,26.31,Kharif,31.1,604.1,FYM,Mega,40,1200,4.0,17890800,248.5
225,Karachi,24.8607,67.0011,gram,loamy sand,39.83,Rabi,23.8,186.1,None,Mega,40,1200,2.3,13940500,193.6
226,Quetta,30.1798,66.975,rice,clay,12.4,Kharif,29.9,624.6,NPK,Heavy,20,600,3.6,8432000,234.2
227,Peshawar,34.0151,71.5249,gram,sandy loam,27.0,Rabi,24.7,214.8,NPK,Mega,40,1200,1.7,9450000,131.2
228,Peshawar,34.0151,71.5249,rice,clay loam,1.42,Kharif,34.6,521.7,None,Small,3,60,3.7,965600,268.2
229,Peshawar,34.0151,71.5249,wheat,silty loam,38.08,Rabi,20.3,382.2,DAP,Mega,40,1200,4.1,17136000,238.0
230,Gujranwala,32.1877,74.1945,rice,clay loam,9.28,Kharif,27.5,682.5,NPK,Large,10,300,4.2,6310400,350.6
231,Lahore,31.5204,74.3587,wheat,loam,16.75,Rabi,16.8,257.5,FYM,Extra Heavy,30,900,4.1,7537500,139.6
232,Sheikhupura,31.7131,73.9783,potato,loam,11.98,Rabi,24.8,330.9,DAP,Heavy,20,600,3.2,4792000,133.1
233,Multan,30.1575,71.5249,maize,sandy loam,23.43,Kharif,21.7,271.5,None,Extra Heavy,30,900,3.8,11246400,208.3
234,Rawalpindi,33.5651,73.0169,maize,sandy loam,19.53,Kharif,23.7,444.6,Urea,Extra Heavy,30,900,3.1,9374400,173.6
235,Sheikhupura,31.7131,73.9783,potato,sandy loam,45.52,Rabi,22.2,345.9,None,Ultra,50,1500,3.0,18208000,202.3
236,Lahore,31.5204,74.3587,sugarcane,clay loam,36.18,Kharif,30.8,582.6,None,Mega,40,1200,59.6,27135000,376.9
237,Quetta,30.1798,66.975,cotton,loam,7.63,Kharif,25.8,262.7,None,Large,10,300,2.9,3967600,220.4
238,Kasur,31.1155,74.4466,maize,sandy loam,25.73,Kharif,25.3,404.8,FYM,Mega,40,1200,3.9,12350400,171.5
239,Islamabad,33.6844,73.0479,wheat,loam,34.33,Rabi,15.2,240.4,NPK,Mega,40,1200,3.7,15448500,214.6
240,Multan,30.1575,71.5249,rice,clay loam,46.35,Kharif,31.3,720.4,DAP,Ultra,50,1500,3.8,31518000,350.2
241,Sukkur,27.7132,68.8482,wheat,clay loam,11.02,Rabi,19.0,246.4,DAP,Heavy,20,600,3.3,4959000,137.8
242,Sahiwal,30.6705,73.1063,gram,sandy loam,13.86,Rabi,16.7,227.4,FYM,Heavy,20,600,1.6,4851000,134.8
243,Sialkot,32.4922,74.5311,rice,clay,14.19,Kharif,34.4,794.9,DAP,Heavy,20,600,4.2,9649200,268.0
244,Sahiwal,30.6705,73.1063,gram,sandy loam,23.07,Rabi,23.1,132.1,NPK,Extra Heavy,30,900,1.8,8074500,149.5
245,Kasur,31.1155,74.4466,cotton,sandy loam,42.31,Kharif,33.2,248.3,NPK,Ultra,50,1500,2.5,22001200,244.5
246,Rawalpindi,33.5651,73.0169,maize,loam,29.92,Kharif,25.2,333.0,None,Mega,40,1200,3.1,14361600,199.5
247,Jhang,31.2682,72.3184,gram,sandy loam,11.26,Rabi,19.6,227.9,None,Heavy,20,600,1.9,3941000,109.5
248,Bahawalpur,29.3956,71.6836,wheat,silty loam,12.73,Rabi,22.4,244.3,FYM,Heavy,20,600,3.7,5728500,159.1
249,Islamabad,33.6844,73.0479,wheat,loam,45.92,Rabi,15.4,348.2,FYM,Ultra,50,1500,3.2,20664000,229.6
250,Rahim Yar Khan,28.4209,70.2952,maize,loam,37.86,Kharif,27.8,422.6,FYM,Mega,40,1200,3.4,18172800,252.4
251,Quetta,30.1798,66.975,potato,loam,40.47,Rabi,15.1,225.6,FYM,Ultra,50,1500,2.3,16188000,179.9
252,Bahawalpur,29.3956,71.6836,cotton,sandy loam,29.48,Kharif,30.0,245.2,FYM,Mega,40,1200,2.8,15329600,212.9
253,Multan,30.1575,71.5249,rice,clay loam,39.22,Kharif,30.6,508.7,None,Mega,40,1200,4.3,26669600,370.4
254,Jhang,31.2682,72.3184,gram,loamy sand,41.68,Rabi,17.5,115.6,Urea,Ultra,50,1500,1.6,14588000,162.1
255,Gujranwala,32.1877,74.1945,cotton,sandy loam,6.0,Kharif,27.3,194.8,NPK,Upper Medium,7,200,2.3,3120000,260.0
256,Faisalabad,31.4504,73.135,gram,loamy sand,25.37,Rabi,19.7,130.0,DAP,Mega,40,1200,2.5,8879500,123.3
257,Bahawalpur,29.3956,71.6836,cotton,loam,32.77,Kharif,25.9,189.7,None,Mega,40,1200,2.0,17040400,236.7
258,Rahim Yar Khan,28.4209,70.2952,potato,loam,23.31,Rabi,21.4,206.3,DAP,Extra Heavy,30,900,3.4,9324000,172.7
259,Sargodha,32.0836,72.6711,gram,loamy sand,4.04,Rabi,16.0,138.3,Urea,Medium,5,120,1.8,1414000,196.4
260,Sukkur,27.7132,68.8482,wheat,silty loam,5.08,Rabi,18.8,258.1,None,Upper Medium,7,200,4.4,2286000,190.5
261,Faisalabad,31.4504,73.135,rice,clay,20.6,Kharif,30.7,601.7,DAP,Extra Heavy,30,900,3.5,14008000,259.4
262,Multan,30.1575,71.5249,sugarcane,clay loam,27.38,Kharif,27.4,470.7,FYM,Mega,40,1200,55.0,20535000,285.2
263,Jhang,31.2682,72.3184,sugarcane,loam,13.95,Kharif,28.0,528.7,None,Heavy,20,600,61.6,10462500,290.6
264,Gujranwala,32.1877,74.1945,sugarcane,clay loam,48.44,Kharif,26.5,544.2,FYM,Ultra,50,1500,57.6,36330000,403.7
265,Peshawar,34.0151,71.5249,cotton,sandy loam,35.41,Kharif,26.8,237.8,None,Mega,40,1200,2.9,18413200,255.7
266,Rawalpindi,33.5651,73.0169,wheat,loam,23.84,Rabi,21.8,391.5,FYM,Extra Heavy,30,900,4.2,10728000,198.7
267,Lahore,31.5204,74.3587,wheat,clay loam,6.95,Rabi,19.3,307.0,None,Upper Medium,7,200,3.3,3127500,260.6
268,Sheikhupura,31.7131,73.9783,rice,clay loam,7.14,Kharif,25.8,562.0,Urea,Large,10,300,4.7,4855200,269.7
269,Gujranwala,32.1877,74.1945,gram,sandy loam,28.48,Rabi,15.8,222.4,Urea,Mega,40,1200,1.9,9968000,138.4
270,Bahawalpur,29.3956,71.6836,sugarcane,clay loam,43.36,Kharif,29.6,540.4,Urea,Ultra,50,1500,51.8,32520000,361.3
271,Rawalpindi,33.5651,73.0169,gram,loamy sand,14.0,Rabi,17.0,248.0,None,Heavy,20,600,2.0,4900000,136.1
272,Okara,30.8103,73.4513,maize,loam,5.42,Kharif,28.7,442.1,Urea,Upper Medium,7,200,4.2,2601600,216.8
273,Bahawalpur,29.3956,71.6836,cotton,loam,15.48,Kharif,28.7,171.1,DAP,Extra Heavy,30,900,2.7,8049600,149.1
274,Gujranwala,32.1877,74.1945,cotton,sandy loam,32.6,Kharif,26.4,179.0,Urea,Mega,40,1200,2.7,16952000,235.4
275,Faisalabad,31.4504,73.135,rice,clay,37.37,Kharif,28.6,559.8,NPK,Mega,40,1200,4.4,25411600,352.9
276,Rawalpindi,33.5651,73.0169,gram,sandy loam,14.89,Rabi,19.1,243.4,DAP,Heavy,20,600,2.2,5211500,144.8
277,Rahim Yar Khan,28.4209,70.2952,gram,sandy loam,9.59,Rabi,24.4,236.0,Urea,Large,10,300,1.7,3356500,186.5
278,Sialkot,32.4922,74.5311,potato,sandy loam,25.56,Rabi,17.4,263.8,NPK,Mega,40,1200,2.8,10224000,142.0
279,Jhang,31.2682,72.3184,sugarcane,clay loam,5.78,Kharif,26.4,477.9,DAP,Upper Medium,7,200,54.6,4335000,361.2
280,Rahim Yar Khan,28.4209,70.2952,cotton,loam,43.54,Kharif,28.1,216.2,DAP,Ultra,50,1500,2.6,22640800,251.6
281,Gujrat,32.5742,74.0754,potato,loam,30.27,Rabi,19.6,291.5,Urea,Mega,40,1200,3.5,12108000,168.2
282,Islamabad,33.6844,73.0479,cotton,loam,39.08,Kharif,33.7,315.5,Urea,Mega,40,1200,2.0,20321600,282.2
283,Faisalabad,31.4504,73.135,rice,clay loam,10.27,Kharif,29.2,721.9,None,Heavy,20,600,4.9,6983600,194.0
284,Faisalabad,31.4504,73.135,sugarcane,loam,12.57,Kharif,30.7,550.9,Urea,Heavy,20,600,51.3,9427500,261.9
285,Bahawalpur,29.3956,71.6836,sugarcane,clay loam,11.11,Kharif,31.6,586.6,None,Heavy,20,600,68.6,8332500,231.5
286,Jhang,31.2682,72.3184,gram,loamy sand,42.15,Rabi,16.2,191.7,NPK,Ultra,50,1500,1.7,14752500,163.9
287,Sialkot,32.4922,74.5311,potato,sandy loam,27.87,Rabi,18.4,242.2,None,Mega,40,1200,2.7,11148000,154.8
288,Islamabad,33.6844,73.0479,gram,loamy sand,9.5,Rabi,22.4,143.5,NPK,Large,10,300,1.6,3325000,184.7
289,Sargodha,32.0836,72.6711,potato,sandy loam,4.99,Rabi,23.2,244.6,Urea,Medium,5,120,2.4,1996000,277.2
290,Jhang,31.2682,72.3184,sugarcane,clay loam,46.65,Kharif,27.4,423.0,None,Ultra,50,1500,66.0,34987500,388.8
291,Faisalabad,31.4504,73.135,sugarcane,loam,13.06,Kharif,28.3,460.1,FYM,Heavy,20,600,59.9,9795000,272.1
292,Gujranwala,32.1877,74.1945,rice,clay loam,44.82,Kharif,33.4,558.4,NPK,Ultra,50,1500,4.3,30477600,338.6
293,Jhang,31.2682,72.3184,sugarcane,clay loam,25.09,Kharif,25.4,497.4,NPK,Mega,40,1200,59.1,18817500,261.4
294,Rahim Yar Khan,28.4209,70.2952,sugarcane,loam,29.7,Kharif,30.8,594.0,DAP,Mega,40,1200,50.4,22275000,309.4
295,Peshawar,34.0151,71.5249,maize,sandy loam,24.35,Kharif,27.1,253.5,NPK,Extra Heavy,30,900,3.0,11688000,216.4
296,Lahore,31.5204,74.3587,sugarcane,clay loam,36.74,Kharif,25.2,529.1,FYM,Mega,40,1200,52.9,27555000,382.7
297,Sukkur,27.7132,68.8482,gram,sandy loam,44.09,Rabi,23.7,230.9,Urea,Ultra,50,1500,1.5,15431500,171.5
298,Quetta,30.1798,66.975,gram,loamy sand,37.78,Rabi,19.2,100.4,FYM,Mega,40,1200,1.7,13223000,183.7
299,Okara,30.8103,73.4513,sugarcane,loam,30.15,Kharif,27.0,425.2,NPK,Mega,40,1200,57.3,22612500,314.1
300,Rawalpindi,33.5651,73.0169,maize,loam,13.62,Kharif,26.4,385.3,FYM,Heavy,20,600,4.1,6537600,181.6
301,Bahawalpur,29.3956,71.6836,maize,sandy loam,42.13,Kharif,28.2,284.9,DAP,Ultra,50,1500,3.1,20222400,224.7
302,Rahim Yar Khan,28.4209,70.2952,potato,sandy loam,28.4,Rabi,24.2,208.3,DAP,Mega,40,1200,2.9,11360000,157.8
303,Sheikhupura,31.7131,73.9783,maize,sandy loam,7.55,Kharif,28.7,495.2,Urea,Large,10,300,3.7,3624000,201.3
304,Sukkur,27.7132,68.8482,gram,loamy sand,18.08,Rabi,22.1,146.2,None,Extra Heavy,30,900,2.0,6328000,117.2
305,Gujranwala,32.1877,74.1945,gram,sandy loam,38.06,Rabi,24.2,182.4,None,Mega,40,1200,2.1,13321000,185.0
306,Bahawalpur,29.3956,71.6836,rice,clay,14.9,Kharif,34.4,503.9,DAP,Heavy,20,600,4.0,10132000,281.4
307,Bahawalpur,29.3956,71.6836,wheat,loam,27.19,Rabi,24.0,207.6,None,Mega,40,1200,4.0,12235500,169.9
308,Rahim Yar Khan,28.4209,70.2952,cotton,sandy loam,26.89,Kharif,29.6,219.0,NPK,Mega,40,1200,2.9,13982800,194.2
309,Rawalpindi,33.5651,73.0169,potato,loam,25.56,Rabi,21.5,321.3,NPK,Mega,40,1200,2.8,10224000,142.0
310,Jhang,31.2682,72.3184,wheat,silty loam,14.38,Rabi,17.8,287.0,DAP,Heavy,20,600,3.7,6471000,179.8
311,Gujrat,32.5742,74.0754,wheat,clay loam,44.44,Rabi,15.6,321.8,FYM,Ultra,50,1500,3.1,19998000,222.2
312,Sahiwal,30.6705,73.1063,maize,loam,19.85,Kharif,26.0,280.1,None,Extra Heavy,30,900,3.3,9528000,176.4
313,Bahawalpur,29.3956,71.6836,wheat,loam,14.66,Rabi,23.3,295.7,Urea,Heavy,20,600,4.2,6597000,183.2
314,Rawalpindi,33.5651,73.0169,maize,loam,7.33,Kharif,20.7,413.7,DAP,Large,10,300,3.9,3518400,195.5
315,Sheikhupura,31.7131,73.9783,cotton,loam,12.51,Kharif,30.0,178.7,DAP,Heavy,20,600,2.9,6505200,180.7
316,Sialkot,32.4922,74.5311,rice,clay loam,34.75,Kharif,31.2,793.3,FYM,Mega,40,1200,3.7,23630000,328.2
317,Bahawalpur,29.3956,71.6836,cotton,loam,27.57,Kharif,29.7,235.4,None,Mega,40,1200,1.7,14336400,199.1
318,Jhang,31.2682,72.3184,potato,loam,3.19,Rabi,19.9,280.0,FYM,Medium,5,120,2.2,1276000,177.2
319,Sukkur,27.7132,68.8482,gram,sandy loam,29.18,Rabi,18.1,194.9,DAP,Mega,40,1200,1.9,10213000,141.8
320,Rawalpindi,33.5651,73.0169,cotton,sandy loam,20.13,Kharif,28.4,315.1,NPK,Extra Heavy,30,900,2.8,10467600,193.8
321,Sukkur,27.7132,68.8482,sugarcane,clay loam,23.25,Kharif,34.8,482.9,FYM,Extra Heavy,30,900,62.4,17437500,322.9
322,Faisalabad,31.4504,73.135,sugarcane,clay loam,9.31,Kharif,30.9,559.6,Urea,Large,10,300,59.0,6982500,387.9
323,Peshawar,34.0151,71.5249,rice,clay,11.5,Kharif,31.5,549.6,FYM,Heavy,20,600,3.5,7820000,217.2
324,Sheikhupura,31.7131,73.9783,wheat,silty loam,28.83,Rabi,23.2,284.8,None,Mega,40,1200,4.5,12973500,180.2
325,Karachi,24.8607,67.0011,sugarcane,loam,45.0,Kharif,33.2,506.1,Urea,Ultra,50,1500,62.2,33750000,375.0
326,Quetta,30.1798,66.975,maize,loam,14.31,Kharif,27.1,406.1,NPK,Heavy,20,600,4.0,6868800,190.8
327,Multan,30.1575,71.5249,sugarcane,loam,18.17,Kharif,26.8,527.7,DAP,Extra Heavy,30,900,52.5,13627500,252.4
328,Quetta,30.1798,66.975,potato,loam,35.94,Rabi,16.6,314.6,FYM,Mega,40,1200,2.4,14376000,199.7
329,Quetta,30.1798,66.975,sugarcane,loam,24.41,Kharif,27.3,584.5,FYM,Extra Heavy,30,900,52.6,18307500,339.0
330,Sahiwal,30.6705,73.1063,cotton,loam,12.97,Kharif,29.5,183.6,NPK,Heavy,20,600,2.7,6744400,187.3
331,Gujrat,32.5742,74.0754,cotton,sandy loam,18.86,Kharif,29.4,316.2,NPK,Extra Heavy,30,900,2.4,9807200,181.6
332,Peshawar,34.0151,71.5249,gram,sandy loam,9.45,Rabi,19.1,179.5,None,Large,10,300,2.4,3307500,183.7
333,Rahim Yar Khan,28.4209,70.2952,wheat,loam,34.8,Rabi,18.1,334.7,None,Mega,40,1200,3.3,15660000,217.5
334,Sahiwal,30.6705,73.1063,potato,loam,17.72,Rabi,17.0,208.1,NPK,Extra Heavy,30,900,2.8,7088000,131.3
335,Okara,30.8103,73.4513,sugarcane,loam,48.06,Kharif,29.3,438.4,Urea,Ultra,50,1500,62.9,36045000,400.5
336,Sheikhupura,31.7131,73.9783,sugarcane,clay loam,45.92,Kharif,27.2,573.3,None,Ultra,50,1500,58.8,34440000,382.7
337,Faisalabad,31.4504,73.135,gram,sandy loam,4.45,Rabi,19.0,154.1,None,Medium,5,120,1.9,1557500,216.3
338,Sheikhupura,31.7131,73.9783,cotton,loam,14.18,Kharif,29.8,321.7,DAP,Heavy,20,600,2.2,7373600,204.8
339,Jhang,31.2682,72.3184,rice,clay loam,40.83,Kharif,27.1,773.1,FYM,Ultra,50,1500,4.0,27764400,308.5
340,Quetta,30.1798,66.975,gram,loamy sand,49.17,Rabi,19.6,241.0,Urea,Ultra,50,1500,2.2,17209500,191.2
341,Karachi,24.8607,67.0011,wheat,silty loam,13.22,Rabi,23.7,357.1,Urea,Heavy,20,600,3.9,5949000,165.2
342,Rawalpindi,33.5651,73.0169,maize,sandy loam,42.45,Kharif,27.6,373.0,DAP,Ultra,50,1500,3.6,20376000,226.4
343,Lahore,31.5204,74.3587,sugarcane,loam,38.31,Kharif,32.7,557.6,FYM,Mega,40,1200,67.2,28732500,399.1
344,Lahore,31.5204,74.3587,maize,loam,21.73,Kharif,27.1,297.9,FYM,Extra Heavy,30,900,4.1,10430400,193.2
345,Karachi,24.8607,67.0011,gram,sandy loam,33.46,Rabi,22.4,246.6,FYM,Mega,40,1200,1.5,11711000,162.7
346,Sukkur,27.7132,68.8482,rice,clay,25.8,Kharif,28.3,797.7,Urea,Mega,40,1200,4.4,17544000,243.7
347,Bahawalpur,29.3956,71.6836,wheat,loam,40.76,Rabi,17.0,251.2,FYM,Ultra,50,1500,4.1,18342000,203.8
348,Bahawalpur,29.3956,71.6836,potato,loam,18.03,Rabi,16.6,215.4,None,Extra Heavy,30,900,2.4,7212000,133.6
349,Rahim Yar Khan,28.4209,70.2952,maize,loam,35.54,Kharif,29.3,485.8,DAP,Mega,40,1200,3.7,17059200,236.9
350,Jhang,31.2682,72.3184,wheat,loam,38.19,Rabi,15.9,297.6,Urea,Mega,40,1200,3.1,17185500,238.7
351,Karachi,24.8607,67.0011,sugarcane,clay loam,14.57,Kharif,26.4,523.8,None,Heavy,20,600,52.3,10927500,303.5
352,Sargodha,32.0836,72.6711,cotton,sandy loam,11.32,Kharif,28.4,202.7,NPK,Heavy,20,600,2.4,5886400,163.5
353,Sahiwal,30.6705,73.1063,wheat,silty loam,34.86,Rabi,19.2,257.5,None,Mega,40,1200,4.2,15687000,217.9
354,Kasur,31.1155,74.4466,rice,clay,23.45,Kharif,25.5,620.7,FYM,Extra Heavy,30,900,4.4,15946000,295.3
355,Rahim Yar Khan,28.4209,70.2952,cotton,sandy loam,20.94,Kharif,30.9,267.9,FYM,Extra Heavy,30,900,2.8,10888800,201.6
356,Bahawalpur,29.3956,71.6836,wheat,silty loam,10.05,Rabi,23.4,251.1,None,Heavy,20,600,3.8,4522500,125.6
357,Bahawalpur,29.3956,71.6836,gram,sandy loam,34.08,Rabi,23.6,217.0,None,Mega,40,1200,1.5,11928000,165.7
358,Bahawalpur,29.3956,71.6836,rice,clay loam,46.64,Kharif,25.7,572.6,Urea,Ultra,50,1500,4.3,31715200,352.4
359,Multan,30.1575,71.5249,potato,sandy loam,15.1,Rabi,21.5,342.4,Urea,Extra Heavy,30,900,3.2,6040000,111.9
360,Karachi,24.8607,67.0011,rice,clay,30.5,Kharif,29.0,641.7,Urea,Mega,40,1200,4.4,20740000,288.1
361,Jhang,31.2682,72.3184,maize,loam,11.33,Kharif,27.3,460.5,FYM,Heavy,20,600,3.8,5438400,151.1
362,Faisalabad,31.4504,73.135,sugarcane,loam,45.08,Kharif,33.6,508.3,DAP,Ultra,50,1500,50.5,33810000,375.7
363,Karachi,24.8607,67.0011,potato,sandy loam,29.87,Rabi,23.0,272.1,None,Mega,40,1200,2.7,11948000,165.9
364,Faisalabad,31.4504,73.135,sugarcane,clay loam,10.15,Kharif,33.9,416.0,Urea,Heavy,20,600,69.9,7612500,211.5
365,Quetta,30.1798,66.975,gram,sandy loam,39.15,Rabi,21.2,181.3,Urea,Mega,40,1200,1.6,13702500,190.3
366,Faisalabad,31.4504,73.135,sugarcane,loam,5.33,Kharif,26.6,498.8,DAP,Upper Medium,7,200,67.8,3997500,333.1
367,Rawalpindi,33.5651,73.0169,wheat,silty loam,2.02,Rabi,24.7,384.3,DAP,Small,3,60,3.2,909000,252.5
368,Sargodha,32.0836,72.6711,maize,sandy loam,42.12,Kharif,21.0,271.4,FYM,Ultra,50,1500,4.4,20217600,224.6
369,Lahore,31.5204,74.3587,cotton,sandy loam,7.46,Kharif,33.8,213.2,NPK,Large,10,300,1.5,3879200,215.5
370,Karachi,24.8607,67.0011,cotton,sandy loam,3.94,Kharif,27.0,288.7,DAP,Medium,5,120,2.7,2048800,284.6
371,Gujrat,32.5742,74.0754,maize,loam,11.19,Kharif,29.1,498.6,Urea,Heavy,20,600,4.2,5371200,149.2
372,Bahawalpur,29.3956,71.6836,maize,loam,28.1,Kharif,22.1,310.9,DAP,Mega,40,1200,4.2,13488000,187.3
373,Jhang,31.2682,72.3184,cotton,sandy loam,19.06,Kharif,30.9,289.7,None,Extra Heavy,30,900,2.5,9911200,183.5
374,Sheikhupura,31.7131,73.9783,rice,clay,3.55,Kharif,27.0,638.1,NPK,Medium,5,120,3.6,2414000,335.3
375,Okara,30.8103,73.4513,wheat,silty loam,1.4,Rabi,18.4,301.2,Urea,Small,3,60,4.0,630000,175.0
376,Rahim Yar Khan,28.4209,70.2952,maize,sandy loam,25.98,Kharif,22.0,256.6,DAP,Mega,40,1200,4.4,12470400,173.2
377,Jhang,31.2682,72.3184,wheat,silty loam,43.4,Rabi,20.0,337.6,NPK,Ultra,50,1500,3.1,19530000,217.0
378,Rawalpindi,33.5651,73.0169,rice,clay loam,31.5,Kharif,31.3,543.0,FYM,Mega,40,1200,3.7,21420000,297.5
379,Sialkot,32.4922,74.5311,potato,loam,1.67,Rabi,17.8,274.4,NPK,Small,3,60,3.2,668000,185.6
380,Gujrat,32.5742,74.0754,maize,loam,8.82,Kharif,27.7,356.0,FYM,Large,10,300,4.1,4233600,235.2
381,Multan,30.1575,71.5249,potato,sandy loam,15.23,Rabi,21.2,313.1,NPK,Extra Heavy,30,900,3.1,6092000,112.8
382,Kasur,31.1155,74.4466,sugarcane,loam,24.99,Kharif,28.4,459.9,NPK,Extra Heavy,30,900,56.8,18742500,347.1
383,Gujranwala,32.1877,74.1945,maize,loam,27.2,Kharif,22.8,415.6,NPK,Mega,40,1200,3.4,13056000,181.3
384,Sukkur,27.7132,68.8482,potato,loam,12.31,Rabi,22.5,240.8,None,Heavy,20,600,3.3,4924000,136.8
385,Rahim Yar Khan,28.4209,70.2952,maize,loam,29.59,Kharif,28.1,330.4,Urea,Mega,40,1200,3.6,14203200,197.3
386,Quetta,30.1798,66.975,cotton,sandy loam,9.63,Kharif,34.2,298.2,DAP,Large,10,300,1.8,5007600,278.2
387,Faisalabad,31.4504,73.135,cotton,loam,6.85,Kharif,31.6,187.8,FYM,Upper Medium,7,200,1.7,3562000,296.8
388,Sialkot,32.4922,74.5311,gram,loamy sand,27.76,Rabi,17.0,153.0,DAP,Mega,40,1200,1.9,9716000,134.9
389,Rahim Yar Khan,28.4209,70.2952,rice,clay loam,9.12,Kharif,31.0,700.8,Urea,Large,10,300,4.7,6201600,344.5
390,Sukkur,27.7132,68.8482,wheat,silty loam,33.76,Rabi,15.9,259.3,FYM,Mega,40,1200,4.2,15192000,211.0
391,Peshawar,34.0151,71.5249,gram,sandy loam,14.61,Rabi,21.6,195.8,DAP,Heavy,20,600,2.0,5113500,142.0
392,Kasur,31.1155,74.4466,cotton,sandy loam,10.22,Kharif,30.7,177.8,DAP,Heavy,20,600,1.6,5314400,147.6
393,Jhang,31.2682,72.3184,cotton,loam,31.96,Kharif,29.1,170.1,None,Mega,40,1200,1.8,16619200,230.8
394,Faisalabad,31.4504,73.135,rice,clay,42.72,Kharif,33.5,757.4,DAP,Ultra,50,1500,4.3,29049600,322.8
395,Bahawalpur,29.3956,71.6836,sugarcane,loam,9.46,Kharif,26.0,511.7,FYM,Large,10,300,68.0,7095000,394.2
396,Lahore,31.5204,74.3587,potato,loam,42.38,Rabi,17.9,212.3,DAP,Ultra,50,1500,2.9,16952000,188.4
397,Bahawalpur,29.3956,71.6836,sugarcane,clay loam,40.48,Kharif,30.0,490.0,Urea,Ultra,50,1500,57.8,30360000,337.3
398,Lahore,31.5204,74.3587,maize,sandy loam,36.45,Kharif,28.5,404.9,None,Mega,40,1200,4.0,17496000,243.0
399,Gujranwala,32.1877,74.1945,rice,clay loam,31.9,Kharif,31.7,565.7,Urea,Mega,40,1200,4.4,21692000,301.3
400,Faisalabad,31.4504,73.135,maize,sandy loam,49.72,Kharif,27.5,412.9,Urea,Ultra,50,1500,3.2,23865600,265.2
401,Multan,30.1575,71.5249,potato,loam,26.71,Rabi,24.7,334.9,DAP,Mega,40,1200,2.2,10684000,148.4
402,Bahawalpur,29.3956,71.6836,gram,loamy sand,27.81,Rabi,16.1,236.6,NPK,Mega,40,1200,2.3,9733500,135.2
403,Sargodha,32.0836,72.6711,maize,sandy loam,32.55,Kharif,21.0,416.1,FYM,Mega,40,1200,3.3,15624000,217.0
404,Sukkur,27.7132,68.8482,wheat,silty loam,7.81,Rabi,19.1,237.4,None,Large,10,300,4.4,3514500,195.2
405,Quetta,30.1798,66.975,sugarcane,loam,37.89,Kharif,29.3,570.6,NPK,Mega,40,1200,55.0,28417500,394.7
406,Rahim Yar Khan,28.4209,70.2952,sugarcane,loam,7.83,Kharif,28.4,526.6,NPK,Large,10,300,55.0,5872500,326.2
407,Rawalpindi,33.5651,73.0169,potato,sandy loam,48.01,Rabi,16.4,233.9,None,Ultra,50,1500,3.1,19204000,213.4
408,Jhang,31.2682,72.3184,cotton,sandy loam,4.07,Kharif,32.4,256.9,DAP,Medium,5,120,2.5,2116400,293.9
409,Gujrat,32.5742,74.0754,potato,sandy loam,36.59,Rabi,19.1,344.2,Urea,Mega,40,1200,2.4,14636000,203.3
410,Rawalpindi,33.5651,73.0169,maize,loam,39.92,Kharif,21.3,432.9,FYM,Mega,40,1200,3.1,19161600,266.1
411,Sheikhupura,31.7131,73.9783,wheat,clay loam,1.53,Rabi,19.4,394.8,NPK,Small,3,60,3.9,688500,191.2
412,Faisalabad,31.4504,73.135,cotton,loam,5.36,Kharif,35.0,307.5,NPK,Upper Medium,7,200,2.8,2787200,232.3
413,Quetta,30.1798,66.975,maize,loam,16.28,Kharif,24.3,258.2,None,Extra Heavy,30,900,3.7,7814400,144.7
414,Gujrat,32.5742,74.0754,cotton,loam,13.75,Kharif,31.6,305.9,DAP,Heavy,20,600,2.3,7150000,198.6
415,Karachi,24.8607,67.0011,wheat,silty loam,2.73,Rabi,23.0,359.2,FYM,Small,3,60,3.4,1228500,341.2
416,Sargodha,32.0836,72.6711,potato,loam,18.34,Rabi,21.1,222.5,DAP,Extra Heavy,30,900,2.8,7336000,135.9
417,Quetta,30.1798,66.975,maize,sandy loam,25.14,Kharif,23.2,452.0,DAP,Mega,40,1200,3.0,12067200,167.6
418,Gujrat,32.5742,74.0754,wheat,clay loam,40.25,Rabi,18.4,398.5,None,Ultra,50,1500,4.3,18112500,201.2
419,Lahore,31.5204,74.3587,wheat,loam,16.83,Rabi,24.0,248.6,Urea,Extra Heavy,30,900,4.0,7573500,140.2
420,Faisalabad,31.4504,73.135,gram,loamy sand,5.72,Rabi,18.3,223.5,None,Upper Medium,7,200,2.0,2002000,166.8
421,Jhang,31.2682,72.3184,gram,sandy loam,44.86,Rabi,19.3,179.8,Urea,Ultra,50,1500,1.7,15701000,174.5
422,Sukkur,27.7132,68.8482,cotton,loam,29.33,Kharif,26.5,272.6,DAP,Mega,40,1200,2.9,15251600,211.8
423,Peshawar,34.0151,71.5249,cotton,loam,8.33,Kharif,29.3,201.3,None,Large,10,300,2.4,4331600,240.6
424,Faisalabad,31.4504,73.135,rice,clay,9.24,Kharif,29.9,611.5,FYM,Large,10,300,3.6,6283200,349.1
425,Sheikhupura,31.7131,73.9783,sugarcane,clay loam,23.92,Kharif,32.6,598.9,DAP,Extra Heavy,30,900,62.8,17940000,332.2
426,Okara,30.8103,73.4513,cotton,loam,44.34,Kharif,25.9,188.2,Urea,Ultra,50,1500,1.7,23056800,256.2
427,Gujrat,32.5742,74.0754,rice,clay,45.17,Kharif,30.0,636.3,Urea,Ultra,50,1500,3.8,30715600,341.3
428,Sargodha,32.0836,72.6711,cotton,sandy loam,42.32,Kharif,30.6,215.0,None,Ultra,50,1500,2.9,22006400,244.5
429,Kasur,31.1155,74.4466,sugarcane,clay loam,11.28,Kharif,32.0,565.3,DAP,Heavy,20,600,55.8,8460000,235.0
430,Gujrat,32.5742,74.0754,sugarcane,loam,30.93,Kharif,32.1,434.2,FYM,Mega,40,1200,68.7,23197500,322.2
431,Gujrat,32.5742,74.0754,maize,sandy loam,41.89,Kharif,25.2,395.9,FYM,Ultra,50,1500,3.4,20107200,223.4
432,Sargodha,32.0836,72.6711,sugarcane,clay loam,4.47,Kharif,30.0,491.0,DAP,Medium,5,120,65.5,3352500,465.6
433,Gujranwala,32.1877,74.1945,potato,sandy loam,8.27,Rabi,16.2,301.7,NPK,Large,10,300,2.9,3308000,183.8
434,Okara,30.8103,73.4513,sugarcane,clay loam,6.89,Kharif,33.1,562.2,FYM,Upper Medium,7,200,66.7,5167500,430.6
435,Karachi,24.8607,67.0011,sugarcane,clay loam,37.12,Kharif,31.5,486.9,DAP,Mega,40,1200,64.8,27840000,386.7
436,Gujrat,32.5742,74.0754,potato,loam,6.52,Rabi,18.9,244.6,FYM,Upper Medium,7,200,2.1,2608000,217.3
437,Sialkot,32.4922,74.5311,wheat,clay loam,33.97,Rabi,23.3,389.4,NPK,Mega,40,1200,3.5,15286500,212.3
438,Sheikhupura,31.7131,73.9783,potato,loam,20.2,Rabi,24.9,336.4,DAP,Extra Heavy,30,900,2.6,8080000,149.6
439,Bahawalpur,29.3956,71.6836,maize,sandy loam,48.27,Kharif,26.8,293.6,NPK,Ultra,50,1500,4.1,23169600,257.4
440,Islamabad,33.6844,73.0479,cotton,sandy loam,39.3,Kharif,33.7,220.7,NPK,Mega,40,1200,2.0,20436000,283.8
441,Gujrat,32.5742,74.0754,gram,sandy loam,14.44,Rabi,24.3,130.8,None,Heavy,20,600,1.6,5054000,140.4
442,Kasur,31.1155,74.4466,maize,loam,16.83,Kharif,28.7,284.0,Urea,Extra Heavy,30,900,3.8,8078400,149.6
443,Rawalpindi,33.5651,73.0169,gram,loamy sand,44.29,Rabi,24.9,124.5,NPK,Ultra,50,1500,1.8,15501500,172.2
444,Karachi,24.8607,67.0011,gram,loamy sand,26.45,Rabi,15.4,157.8,FYM,Mega,40,1200,1.9,9257500,128.6
445,Peshawar,34.0151,71.5249,rice,clay,49.74,Kharif,28.7,573.8,None,Ultra,50,1500,4.9,33823200,375.8
446,Bahawalpur,29.3956,71.6836,rice,clay loam,24.08,Kharif,26.1,778.0,FYM,Extra Heavy,30,900,3.5,16374400,303.2
447,Sahiwal,30.6705,73.1063,sugarcane,clay loam,32.36,Kharif,28.6,450.6,Urea,Mega,40,1200,69.6,24270000,337.1
448,Karachi,24.8607,67.0011,rice,clay loam,10.1,Kharif,33.3,745.5,NPK,Heavy,20,600,4.3,6868000,190.8
449,Sheikhupura,31.7131,73.9783,rice,clay loam,21.83,Kharif,27.2,568.7,Urea,Extra Heavy,30,900,4.2,14844400,274.9
450,Bahawalpur,29.3956,71.6836,gram,sandy loam,29.39,Rabi,16.8,125.1,DAP,Mega,40,1200,2.3,10286500,142.9
451,Lahore,31.5204,74.3587,potato,loam,12.05,Rabi,22.3,297.1,FYM,Heavy,20,600,2.6,4820000,133.9
452,Rawalpindi,33.5651,73.0169,maize,sandy loam,16.96,Kharif,28.6,316.4,NPK,Extra Heavy,30,900,3.5,8140800,150.8
453,Okara,30.8103,73.4513,sugarcane,clay loam,49.11,Kharif,29.1,514.6,NPK,Ultra,50,1500,68.7,36832500,409.2
454,Islamabad,33.6844,73.0479,maize,loam,9.53,Kharif,29.4,489.6,NPK,Large,10,300,3.7,4574400,254.1
455,Kasur,31.1155,74.4466,rice,clay,7.8,Kharif,32.9,539.0,Urea,Large,10,300,4.7,5304000,294.7
456,Okara,30.8103,73.4513,rice,clay loam,22.31,Kharif,33.8,694.2,None,Extra Heavy,30,900,4.7,15170800,280.9
457,Jhang,31.2682,72.3184,wheat,silty loam,1.51,Rabi,22.5,209.9,FYM,Small,3,60,3.4,679500,188.8
458,Karachi,24.8607,67.0011,potato,loam,3.49,Rabi,24.6,307.8,NPK,Medium,5,120,2.3,1396000,193.9
459,Sargodha,32.0836,72.6711,gram,loamy sand,2.37,Rabi,15.8,170.5,NPK,Small,3,60,2.5,829500,230.4
460,Multan,30.1575,71.5249,sugarcane,loam,44.47,Kharif,29.6,419.6,DAP,Ultra,50,1500,60.2,33352500,370.6
461,Kasur,31.1155,74.4466,gram,sandy loam,14.6,Rabi,21.5,115.4,FYM,Heavy,20,600,1.6,5110000,141.9
462,Gujrat,32.5742,74.0754,cotton,sandy loam,6.24,Kharif,27.2,203.3,DAP,Upper Medium,7,200,1.7,3244800,270.4
463,Sukkur,27.7132,68.8482,wheat,silty loam,27.4,Rabi,23.8,399.0,FYM,Mega,40,1200,4.4,12330000,171.2
464,Islamabad,33.6844,73.0479,rice,clay loam,13.46,Kharif,34.7,585.4,None,Heavy,20,600,4.6,9152800,254.2
465,Rawalpindi,33.5651,73.0169,gram,loamy sand,22.42,Rabi,21.6,237.7,FYM,Extra Heavy,30,900,1.9,7847000,145.3
466,Karachi,24.8607,67.0011,maize,sandy loam,38.54,Kharif,24.0,304.3,None,Mega,40,1200,3.2,18499200,256.9
467,Sargodha,32.0836,72.6711,sugarcane,loam,10.85,Kharif,30.2,458.7,FYM,Heavy,20,600,54.3,8137500,226.0
468,Rahim Yar Khan,28.4209,70.2952,gram,loamy sand,48.17,Rabi,24.0,120.3,FYM,Ultra,50,1500,2.4,16859500,187.3
469,Sargodha,32.0836,72.6711,sugarcane,clay loam,25.47,Kharif,29.0,453.5,None,Mega,40,1200,61.7,19102500,265.3
470,Sheikhupura,31.7131,73.9783,maize,loam,27.43,Kharif,20.3,261.1,Urea,Mega,40,1200,4.4,13166400,182.9
471,Gujranwala,32.1877,74.1945,potato,sandy loam,21.25,Rabi,19.8,217.9,None,Extra Heavy,30,900,3.3,8500000,157.4
472,Faisalabad,31.4504,73.135,rice,clay,26.35,Kharif,27.9,632.7,DAP,Mega,40,1200,4.1,17918000,248.9
473,Okara,30.8103,73.4513,wheat,loam,19.0,Rabi,19.8,374.1,FYM,Extra Heavy,30,900,3.1,8550000,158.3
474,Kasur,31.1155,74.4466,rice,clay,12.76,Kharif,28.4,571.6,Urea,Heavy,20,600,4.1,8676800,241.0
475,Karachi,24.8607,67.0011,sugarcane,loam,47.75,Kharif,31.2,411.3,None,Ultra,50,1500,53.7,35812500,397.9
476,Sahiwal,30.6705,73.1063,maize,loam,4.75,Kharif,21.0,335.8,FYM,Medium,5,120,4.0,2280000,316.7
477,Rahim Yar Khan,28.4209,70.2952,gram,loamy sand,25.87,Rabi,16.9,219.5,None,Mega,40,1200,2.5,9054500,125.8
478,Peshawar,34.0151,71.5249,maize,sandy loam,13.35,Kharif,29.9,464.1,NPK,Heavy,20,600,3.3,6408000,178.0
479,Lahore,31.5204,74.3587,sugarcane,loam,43.3,Kharif,29.0,591.9,DAP,Ultra,50,1500,58.5,32475000,360.8
480,Sahiwal,30.6705,73.1063,sugarcane,loam,37.31,Kharif,29.4,488.6,None,Mega,40,1200,64.5,27982500,388.6
481,Islamabad,33.6844,73.0479,wheat,silty loam,12.39,Rabi,23.8,205.7,NPK,Heavy,20,600,3.8,5575500,154.9
482,Peshawar,34.0151,71.5249,sugarcane,clay loam,39.35,Kharif,25.7,473.4,Urea,Mega,40,1200,51.4,29512500,409.9
483,Sargodha,32.0836,72.6711,rice,clay,3.31,Kharif,33.1,750.8,DAP,Medium,5,120,5.0,2250800,312.6
484,Islamabad,33.6844,73.0479,maize,sandy loam,34.15,Kharif,22.8,328.2,FYM,Mega,40,1200,3.5,16392000,227.7
485,Okara,30.8103,73.4513,wheat,loam,22.98,Rabi,23.0,272.7,None,Extra Heavy,30,900,3.4,10341000,191.5
486,Jhang,31.2682,72.3184,rice,clay loam,27.94,Kharif,27.7,738.7,None,Mega,40,1200,4.3,18999200,263.9
487,Islamabad,33.6844,73.0479,sugarcane,loam,24.4,Kharif,33.0,495.8,FYM,Extra Heavy,30,900,60.5,18300000,338.9
488,Rahim Yar Khan,28.4209,70.2952,wheat,silty loam,47.29,Rabi,23.5,250.0,Urea,Ultra,50,1500,4.3,21280500,236.4
489,Quetta,30.1798,66.975,rice,clay loam,28.62,Kharif,29.7,614.6,Urea,Mega,40,1200,4.9,19461600,270.3
490,Rahim Yar Khan,28.4209,70.2952,wheat,loam,3.46,Rabi,18.2,301.3,FYM,Medium,5,120,3.6,1557000,216.2
491,Kasur,31.1155,74.4466,maize,sandy loam,43.17,Kharif,20.5,349.1,DAP,Ultra,50,1500,4.2,20721600,230.2
492,Islamabad,33.6844,73.0479,rice,clay loam,33.23,Kharif,27.0,681.3,None,Mega,40,1200,3.7,22596400,313.8
493,Karachi,24.8607,67.0011,wheat,loam,28.74,Rabi,17.4,273.7,DAP,Mega,40,1200,3.1,12933000,179.6
494,Peshawar,34.0151,71.5249,cotton,loam,44.07,Kharif,29.4,229.2,Urea,Ultra,50,1500,2.3,22916400,254.6
495,Sialkot,32.4922,74.5311,cotton,loam,10.44,Kharif,32.3,178.2,Urea,Heavy,20,600,1.9,5428800,150.8
496,Rawalpindi,33.5651,73.0169,sugarcane,clay loam,10.14,Kharif,30.6,499.4,FYM,Heavy,20,600,53.6,7605000,211.2
497,Jhang,31.2682,72.3184,gram,loamy sand,9.43,Rabi,17.2,217.8,DAP,Large,10,300,2.5,3300500,183.4
498,Jhang,31.2682,72.3184,cotton,loam,6.03,Kharif,34.2,164.1,DAP,Upper Medium,7,200,2.4,3135600,261.3
499,Sukkur,27.7132,68.8482,gram,sandy loam,11.34,Rabi,20.0,100.1,NPK,Heavy,20,600,1.8,3969000,110.2
500,Sahiwal,30.6705,73.1063,maize,sandy loam,19.29,Kharif,25.9,340.1,FYM,Extra Heavy,30,900,3.7,9259200,171.5
501,Bahawalpur,29.3956,71.6836,gram,loamy sand,35.02,Rabi,23.9,137.5,FYM,Mega,40,1200,2.0,12257000,170.2
502,Sargodha,32.0836,72.6711,gram,loamy sand,40.44,Rabi,21.4,210.5,None,Ultra,50,1500,2.4,14154000,157.3
503,Sialkot,32.4922,74.5311,rice,clay loam,32.4,Kharif,32.8,770.9,None,Mega,40,1200,4.6,22032000,306.0
504,Okara,30.8103,73.4513,sugarcane,clay loam,35.5,Kharif,28.0,548.0,FYM,Mega,40,1200,51.0,26625000,369.8
505,Karachi,24.8607,67.0011,cotton,sandy loam,29.66,Kharif,25.7,163.2,None,Mega,40,1200,1.8,15423200,214.2
506,Karachi,24.8607,67.0011,potato,loam,8.97,Rabi,17.8,290.3,Urea,Large,10,300,2.6,3588000,199.3
507,Karachi,24.8607,67.0011,gram,loamy sand,33.55,Rabi,23.6,212.1,FYM,Mega,40,1200,1.9,11742500,163.1
508,Jhang,31.2682,72.3184,gram,loamy sand,23.89,Rabi,20.9,152.9,FYM,Extra Heavy,30,900,1.7,8361500,154.8
509,Kasur,31.1155,74.4466,gram,loamy sand,19.54,Rabi,20.3,188.8,Urea,Extra Heavy,30,900,2.0,6839000,126.6
510,Multan,30.1575,71.5249,sugarcane,loam,34.41,Kharif,32.4,433.5,None,Mega,40,1200,52.5,25807500,358.4
511,Kasur,31.1155,74.4466,wheat,loam,1.63,Rabi,23.7,361.9,DAP,Small,3,60,4.4,733500,203.8
512,Sukkur,27.7132,68.8482,wheat,loam,13.96,Rabi,18.5,350.3,None,Heavy,20,600,3.6,6282000,174.5
513,Okara,30.8103,73.4513,wheat,loam,45.47,Rabi,18.3,293.0,FYM,Ultra,50,1500,3.3,20461500,227.3
514,Rahim Yar Khan,28.4209,70.2952,rice,clay loam,0.68,Kharif,34.4,644.4,FYM,Very Small,2,40,4.9,462400,192.7
515,Kasur,31.1155,74.4466,sugarcane,clay loam,40.92,Kharif,29.8,424.3,FYM,Ultra,50,1500,60.8,30690000,341.0
516,Rawalpindi,33.5651,73.0169,cotton,loam,10.95,Kharif,31.8,200.8,Urea,Heavy,20,600,2.4,5694000,158.2
517,Sheikhupura,31.7131,73.9783,maize,loam,36.5,Kharif,25.2,331.2,None,Mega,40,1200,3.5,17520000,243.3
518,Sahiwal,30.6705,73.1063,maize,loam,40.92,Kharif,26.4,290.1,FYM,Ultra,50,1500,3.7,19641600,218.2
519,Karachi,24.8607,67.0011,wheat,clay loam,8.75,Rabi,18.8,344.6,DAP,Large,10,300,3.4,3937500,218.8
520,Peshawar,34.0151,71.5249,wheat,loam,44.15,Rabi,18.8,381.9,DAP,Ultra,50,1500,4.1,19867500,220.8
521,Rahim Yar Khan,28.4209,70.2952,potato,sandy loam,48.8,Rabi,17.5,298.6,DAP,Ultra,50,1500,2.1,19520000,216.9
522,Sargodha,32.0836,72.6711,cotton,loam,15.53,Kharif,26.4,308.1,DAP,Extra Heavy,30,900,2.7,8075600,149.5
523,Sheikhupura,31.7131,73.9783,sugarcane,loam,20.59,Kharif,32.7,460.9,FYM,Extra Heavy,30,900,57.1,15442500,286.0
524,Okara,30.8103,73.4513,sugarcane,clay loam,5.51,Kharif,28.7,491.4,None,Upper Medium,7,200,50.7,4132500,344.4
525,Sialkot,32.4922,74.5311,cotton,loam,48.66,Kharif,33.3,223.0,NPK,Ultra,50,1500,2.2,25303200,281.1
526,Jhang,31.2682,72.3184,sugarcane,loam,3.08,Kharif,25.8,525.8,FYM,Medium,5,120,55.0,2310000,320.8
527,Okara,30.8103,73.4513,gram,loamy sand,8.11,Rabi,21.0,180.3,None,Large,10,300,1.7,2838500,157.7
528,Jhang,31.2682,72.3184,maize,loam,21.48,Kharif,24.1,311.8,FYM,Extra Heavy,30,900,3.5,10310400,190.9
529,Multan,30.1575,71.5249,sugarcane,clay loam,28.13,Kharif,26.1,504.1,FYM,Mega,40,1200,66.9,21097500,293.0
530,Faisalabad,31.4504,73.135,maize,sandy loam,16.93,Kharif,29.8,296.5,DAP,Extra Heavy,30,900,3.9,8126400,150.5
531,Kasur,31.1155,74.4466,rice,clay loam,30.37,Kharif,25.2,609.4,NPK,Mega,40,1200,3.7,20651600,286.8
532,Multan,30.1575,71.5249,wheat,clay loam,37.08,Rabi,19.8,399.8,FYM,Mega,40,1200,3.7,16686000,231.8
533,Sukkur,27.7132,68.8482,maize,sandy loam,29.86,Kharif,26.8,281.5,FYM,Mega,40,1200,4.3,14332800,199.1
534,Sukkur,27.7132,68.8482,sugarcane,clay loam,16.99,Kharif,34.0,501.5,NPK,Extra Heavy,30,900,64.2,12742500,236.0
535,Karachi,24.8607,67.0011,sugarcane,clay loam,6.94,Kharif,34.5,465.3,None,Upper Medium,7,200,55.9,5205000,433.8
536,Karachi,24.8607,67.0011,potato,sandy loam,48.34,Rabi,15.1,233.0,FYM,Ultra,50,1500,2.1,19336000,214.8
537,Peshawar,34.0151,71.5249,potato,sandy loam,48.85,Rabi,21.5,258.6,FYM,Ultra,50,1500,2.7,19540000,217.1
538,Karachi,24.8607,67.0011,wheat,loam,13.75,Rabi,23.5,356.1,Urea,Heavy,20,600,4.1,6187500,171.9
539,Islamabad,33.6844,73.0479,potato,loam,44.97,Rabi,15.3,345.4,FYM,Ultra,50,1500,2.4,17988000,199.9
540,Rahim Yar Khan,28.4209,70.2952,potato,sandy loam,40.16,Rabi,18.7,295.4,None,Ultra,50,1500,2.5,16064000,178.5
541,Sheikhupura,31.7131,73.9783,maize,loam,48.62,Kharif,24.3,261.2,NPK,Ultra,50,1500,3.4,23337600,259.3
542,Gujrat,32.5742,74.0754,maize,loam,20.27,Kharif,27.7,282.1,DAP,Extra Heavy,30,900,3.1,9729600,180.2
543,Peshawar,34.0151,71.5249,gram,sandy loam,7.4,Rabi,19.2,137.4,FYM,Large,10,300,2.2,2590000,143.9
544,Bahawalpur,29.3956,71.6836,maize,sandy loam,8.17,Kharif,22.4,414.3,None,Large,10,300,3.6,3921600,217.9
545,Sahiwal,30.6705,73.1063,gram,loamy sand,23.24,Rabi,15.3,239.9,NPK,Extra Heavy,30,900,2.4,8134000,150.6
546,Sialkot,32.4922,74.5311,maize,sandy loam,27.04,Kharif,23.9,375.4,FYM,Mega,40,1200,3.8,12979200,180.3
547,Faisalabad,31.4504,73.135,rice,clay,26.36,Kharif,33.0,659.8,DAP,Mega,40,1200,5.0,17924800,249.0
548,Quetta,30.1798,66.975,gram,loamy sand,43.2,Rabi,15.8,105.9,DAP,Ultra,50,1500,1.9,15120000,168.0
549,Sialkot,32.4922,74.5311,potato,sandy loam,16.02,Rabi,16.8,255.0,DAP,Extra Heavy,30,900,2.2,6408000,118.7
550,Sahiwal,30.6705,73.1063,maize,sandy loam,31.68,Kharif,26.6,441.3,NPK,Mega,40,1200,3.7,15206400,211.2
551,Bahawalpur,29.3956,71.6836,sugarcane,clay loam,26.28,Kharif,31.5,573.7,FYM,Mega,40,1200,59.9,19710000,273.8
552,Gujranwala,32.1877,74.1945,potato,sandy loam,48.5,Rabi,22.3,224.6,FYM,Ultra,50,1500,3.1,19400000,215.6
553,Sahiwal,30.6705,73.1063,sugarcane,clay loam,30.14,Kharif,34.2,512.8,Urea,Mega,40,1200,68.7,22605000,314.0
554,Islamabad,33.6844,73.0479,wheat,clay loam,44.52,Rabi,17.3,267.9,FYM,Ultra,50,1500,3.1,20034000,222.6
555,Sargodha,32.0836,72.6711,rice,clay loam,43.61,Kharif,27.1,552.0,NPK,Ultra,50,1500,3.5,29654800,329.5
556,Faisalabad,31.4504,73.135,gram,loamy sand,25.89,Rabi,17.8,173.1,FYM,Mega,40,1200,1.8,9061500,125.9
557,Multan,30.1575,71.5249,gram,loamy sand,28.07,Rabi,22.7,143.2,Urea,Mega,40,1200,2.3,9824500,136.5
558,Bahawalpur,29.3956,71.6836,cotton,loam,39.3,Kharif,27.4,228.6,None,Mega,40,1200,1.9,20436000,283.8
559,Rawalpindi,33.5651,73.0169,rice,clay loam,34.56,Kharif,28.5,625.7,Urea,Mega,40,1200,4.8,23500800,326.4
560,Rawalpindi,33.5651,73.0169,maize,loam,9.43,Kharif,27.3,354.1,Urea,Large,10,300,3.1,4526400,251.5
561,Peshawar,34.0151,71.5249,rice,clay,37.69,Kharif,31.5,701.9,None,Mega,40,1200,3.8,25629200,356.0
562,Kasur,31.1155,74.4466,cotton,sandy loam,9.72,Kharif,34.4,267.6,NPK,Large,10,300,1.8,5054400,280.8
563,Gujrat,32.5742,74.0754,potato,sandy loam,25.54,Rabi,18.3,310.4,DAP,Mega,40,1200,2.5,10216000,141.9
564,Islamabad,33.6844,73.0479,maize,sandy loam,2.99,Kharif,21.5,334.4,None,Small,3,60,3.4,1435200,398.7
565,Jhang,31.2682,72.3184,maize,loam,29.32,Kharif,21.5,432.0,DAP,Mega,40,1200,3.7,14073600,195.5
566,Peshawar,34.0151,71.5249,rice,clay loam,10.34,Kharif,27.9,623.4,NPK,Heavy,20,600,4.0,7031200,195.3
567,Okara,30.8103,73.4513,sugarcane,loam,37.22,Kharif,27.3,426.4,FYM,Mega,40,1200,64.2,27915000,387.7
568,Islamabad,33.6844,73.0479,maize,sandy loam,16.29,Kharif,22.2,402.5,NPK,Extra Heavy,30,900,4.4,7819200,144.8
569,Sheikhupura,31.7131,73.9783,sugarcane,clay loam,45.75,Kharif,33.5,589.9,FYM,Ultra,50,1500,63.8,34312500,381.2
570,Gujranwala,32.1877,74.1945,maize,sandy loam,36.99,Kharif,21.6,336.5,FYM,Mega,40,1200,3.3,17755200,246.6
571,Sialkot,32.4922,74.5311,wheat,loam,11.13,Rabi,21.9,395.6,Urea,Heavy,20,600,4.4,5008500,139.1
572,Sheikhupura,31.7131,73.9783,potato,sandy loam,34.83,Rabi,23.9,312.6,FYM,Mega,40,1200,2.1,13932000,193.5
573,Multan,30.1575,71.5249,gram,loamy sand,38.0,Rabi,16.0,187.1,NPK,Mega,40,1200,1.7,13300000,184.7
574,Faisalabad,31.4504,73.135,potato,sandy loam,6.23,Rabi,16.4,299.6,None,Upper Medium,7,200,3.1,2492000,207.7
575,Jhang,31.2682,72.3184,gram,loamy sand,19.23,Rabi,15.6,241.5,DAP,Extra Heavy,30,900,2.4,6730500,124.6
576,Rawalpindi,33.5651,73.0169,maize,loam,4.39,Kharif,23.6,426.5,DAP,Medium,5,120,4.4,2107200,292.7
577,Sheikhupura,31.7131,73.9783,sugarcane,loam,13.08,Kharif,33.1,510.6,NPK,Heavy,20,600,52.4,9810000,272.5
578,Sheikhupura,31.7131,73.9783,wheat,clay loam,31.03,Rabi,15.9,300.6,DAP,Mega,40,1200,4.3,13963500,193.9
579,Faisalabad,31.4504,73.135,gram,sandy loam,0.91,Rabi,19.2,130.4,FYM,Very Small,2,40,1.6,318500,132.7
580,Okara,30.8103,73.4513,cotton,loam,2.68,Kharif,32.5,179.6,NPK,Small,3,60,1.6,1393600,387.1
581,Rahim Yar Khan,28.4209,70.2952,sugarcane,clay loam,42.32,Kharif,34.7,432.1,None,Ultra,50,1500,69.4,31740000,352.7
582,Sheikhupura,31.7131,73.9783,rice,clay loam,49.23,Kharif,30.1,771.7,Urea,Ultra,50,1500,4.1,33476400,372.0
583,Islamabad,33.6844,73.0479,cotton,loam,28.0,Kharif,28.5,250.9,Urea,Mega,40,1200,1.7,14560000,202.2
584,Islamabad,33.6844,73.0479,wheat,silty loam,9.26,Rabi,16.2,328.5,NPK,Large,10,300,4.2,4167000,231.5
585,Sialkot,32.4922,74.5311,maize,loam,35.19,Kharif,20.8,353.4,FYM,Mega,40,1200,4.0,16891200,234.6
586,Rahim Yar Khan,28.4209,70.2952,maize,loam,28.29,Kharif,28.2,344.1,DAP,Mega,40,1200,3.1,13579200,188.6
587,Okara,30.8103,73.4513,wheat,silty loam,27.18,Rabi,15.7,247.3,NPK,Mega,40,1200,3.6,12231000,169.9
588,Multan,30.1575,71.5249,maize,loam,25.44,Kharif,27.6,440.2,FYM,Mega,40,1200,3.6,12211200,169.6
589,Sialkot,32.4922,74.5311,maize,loam,20.4,Kharif,23.2,313.2,FYM,Extra Heavy,30,900,3.1,9792000,181.3
590,Islamabad,33.6844,73.0479,wheat,silty loam,6.39,Rabi,17.3,279.3,FYM,Upper Medium,7,200,3.6,2875500,239.6
591,Multan,30.1575,71.5249,maize,sandy loam,33.56,Kharif,21.2,318.7,NPK,Mega,40,1200,4.3,16108800,223.7
592,Rawalpindi,33.5651,73.0169,cotton,loam,20.5,Kharif,31.7,199.2,NPK,Extra Heavy,30,900,2.9,10660000,197.4
593,Lahore,31.5204,74.3587,sugarcane,loam,13.24,Kharif,32.4,598.4,DAP,Heavy,20,600,57.6,9930000,275.8
594,Jhang,31.2682,72.3184,wheat,loam,47.86,Rabi,16.9,230.3,DAP,Ultra,50,1500,3.3,21537000,239.3
595,Gujrat,32.5742,74.0754,rice,clay loam,32.77,Kharif,33.0,570.6,FYM,Mega,40,1200,5.0,22283600,309.5
596,Gujranwala,32.1877,74.1945,rice,clay,25.95,Kharif,25.4,620.8,DAP,Mega,40,1200,4.8,17646000,245.1
597,Sahiwal,30.6705,73.1063,rice,clay,9.38,Kharif,32.2,506.6,None,Large,10,300,3.8,6378400,354.4
598,Multan,30.1575,71.5249,wheat,loam,37.76,Rabi,16.2,318.5,FYM,Mega,40,1200,3.0,16992000,236.0
599,Quetta,30.1798,66.975,wheat,loam,38.49,Rabi,16.2,287.2,FYM,Mega,40,1200,4.1,17320500,240.6
600,Okara,30.8103,73.4513,gram,sandy loam,21.47,Rabi,18.2,204.0,Urea,Extra Heavy,30,900,1.6,7514500,139.2
601,Sukkur,27.7132,68.8482,sugarcane,clay loam,26.75,Kharif,32.2,521.8,Urea,Mega,40,1200,58.6,20062500,278.6
602,Sukkur,27.7132,68.8482,wheat,loam,22.96,Rabi,15.3,208.5,DAP,Extra Heavy,30,900,4.5,10332000,191.3
603,Islamabad,33.6844,73.0479,rice,clay loam,12.46,Kharif,29.6,571.5,NPK,Heavy,20,600,4.3,8472800,235.4
604,Kasur,31.1155,74.4466,rice,clay,20.22,Kharif,34.5,722.1,DAP,Extra Heavy,30,900,3.5,13749600,254.6
605,Sialkot,32.4922,74.5311,wheat,loam,1.99,Rabi,16.3,312.8,NPK,Small,3,60,3.8,895500,248.8
606,Sheikhupura,31.7131,73.9783,potato,sandy loam,31.0,Rabi,22.9,284.2,Urea,Mega,40,1200,2.2,12400000,172.2
607,Multan,30.1575,71.5249,maize,loam,18.51,Kharif,29.5,424.1,NPK,Extra Heavy,30,900,3.3,8884800,164.5
608,Multan,30.1575,71.5249,maize,loam,38.97,Kharif,22.1,415.2,DAP,Mega,40,1200,4.1,18705600,259.8
609,Karachi,24.8607,67.0011,maize,loam,41.08,Kharif,25.0,319.5,NPK,Ultra,50,1500,3.0,19718400,219.1
610,Kasur,31.1155,74.4466,wheat,silty loam,36.53,Rabi,19.2,255.3,Urea,Mega,40,1200,3.2,16438500,228.3
611,Islamabad,33.6844,73.0479,potato,sandy loam,19.12,Rabi,24.8,307.4,FYM,Extra Heavy,30,900,3.2,7648000,141.6
612,Rawalpindi,33.5651,73.0169,sugarcane,loam,37.75,Kharif,25.8,414.8,Urea,Mega,40,1200,53.8,28312500,393.2
613,Sargodha,32.0836,72.6711,cotton,loam,9.59,Kharif,25.6,163.2,DAP,Large,10,300,2.8,4986800,277.0
614,Bahawalpur,29.3956,71.6836,wheat,clay loam,47.04,Rabi,23.3,358.5,None,Ultra,50,1500,4.4,21168000,235.2
615,Sukkur,27.7132,68.8482,maize,loam,47.5,Kharif,23.2,330.4,FYM,Ultra,50,1500,3.1,22800000,253.3
616,Multan,30.1575,71.5249,rice,clay,10.47,Kharif,30.9,760.2,NPK,Heavy,20,600,3.6,7119600,197.8
617,Rawalpindi,33.5651,73.0169,rice,clay loam,32.2,Kharif,26.5,728.6,DAP,Mega,40,1200,4.8,21896000,304.1
618,Rahim Yar Khan,28.4209,70.2952,potato,loam,34.79,Rabi,17.4,273.2,Urea,Mega,40,1200,2.9,13916000,193.3
619,Sahiwal,30.6705,73.1063,gram,loamy sand,45.18,Rabi,24.1,146.1,None,Ultra,50,1500,2.2,15813000,175.7
620,Rahim Yar Khan,28.4209,70.2952,rice,clay,11.24,Kharif,30.4,598.3,FYM,Heavy,20,600,4.1,7643200,212.3
621,Sheikhupura,31.7131,73.9783,maize,sandy loam,47.26,Kharif,21.9,334.8,None,Ultra,50,1500,4.4,22684800,252.1
622,Sukkur,27.7132,68.8482,potato,sandy loam,5.74,Rabi,24.4,311.7,FYM,Upper Medium,7,200,2.3,2296000,191.3
623,Sheikhupura,31.7131,73.9783,cotton,sandy loam,6.73,Kharif,33.9,228.7,FYM,Upper Medium,7,200,2.1,3499600,291.6
624,Sargodha,32.0836,72.6711,sugarcane,loam,28.01,Kharif,34.0,470.4,None,Mega,40,1200,54.6,21007500,291.8
625,Sahiwal,30.6705,73.1063,cotton,loam,36.73,Kharif,28.3,346.2,None,Mega,40,1200,2.8,19099600,265.3
626,Sheikhupura,31.7131,73.9783,gram,loamy sand,31.45,Rabi,15.5,187.1,DAP,Mega,40,1200,1.6,11007500,152.9
627,Sahiwal,30.6705,73.1063,gram,loamy sand,15.46,Rabi,17.3,131.3,DAP,Extra Heavy,30,900,2.2,5411000,100.2
628,Peshawar,34.0151,71.5249,maize,loam,9.04,Kharif,22.2,460.4,DAP,Large,10,300,3.2,4339200,241.1
629,Bahawalpur,29.3956,71.6836,rice,clay,7.05,Kharif,25.4,556.0,NPK,Large,10,300,4.5,4794000,266.3
630,Gujrat,32.5742,74.0754,rice,clay loam,23.3,Kharif,33.6,766.2,NPK,Extra Heavy,30,900,4.4,15844000,293.4
631,Islamabad,33.6844,73.0479,rice,clay,25.86,Kharif,34.7,522.5,Urea,Mega,40,1200,4.2,17584800,244.2
632,Okara,30.8103,73.4513,gram,sandy loam,8.83,Rabi,21.1,223.3,None,Large,10,300,2.1,3090500,171.7
633,Lahore,31.5204,74.3587,potato,sandy loam,3.15,Rabi,16.1,252.5,FYM,Medium,5,120,3.3,1260000,175.0
634,Sahiwal,30.6705,73.1063,potato,sandy loam,33.23,Rabi,20.2,264.7,DAP,Mega,40,1200,3.1,13292000,184.6
635,Kasur,31.1155,74.4466,rice,clay,34.69,Kharif,25.6,671.2,FYM,Mega,40,1200,4.5,23589200,327.6
636,Bahawalpur,29.3956,71.6836,rice,clay,8.66,Kharif,32.9,762.7,Urea,Large,10,300,4.8,5888800,327.2
637,Sukkur,27.7132,68.8482,wheat,silty loam,49.29,Rabi,21.0,319.5,None,Ultra,50,1500,3.7,22180500,246.4
638,Faisalabad,31.4504,73.135,sugarcane,loam,1.2,Kharif,26.3,416.0,DAP,Small,3,60,53.0,900000,250.0
639,Sahiwal,30.6705,73.1063,gram,sandy loam,17.32,Rabi,19.0,158.7,FYM,Extra Heavy,30,900,1.7,6062000,112.3
640,Islamabad,33.6844,73.0479,sugarcane,loam,13.17,Kharif,27.8,542.4,NPK,Heavy,20,600,58.6,9877500,274.4
641,Jhang,31.2682,72.3184,wheat,clay loam,45.22,Rabi,24.7,305.4,FYM,Ultra,50,1500,3.5,20349000,226.1
642,Peshawar,34.0151,71.5249,cotton,sandy loam,5.01,Kharif,31.3,314.5,DAP,Upper Medium,7,200,2.1,2605200,217.1
643,Gujrat,32.5742,74.0754,gram,sandy loam,11.75,Rabi,18.6,154.7,DAP,Heavy,20,600,2.4,4112500,114.2
644,Bahawalpur,29.3956,71.6836,sugarcane,clay loam,28.73,Kharif,28.2,492.4,FYM,Mega,40,1200,51.0,21547500,299.3
645,Sahiwal,30.6705,73.1063,maize,loam,13.91,Kharif,28.3,337.5,Urea,Heavy,20,600,3.2,6676800,185.5
646,Quetta,30.1798,66.975,gram,loamy sand,38.11,Rabi,23.3,124.2,Urea,Mega,40,1200,2.1,13338500,185.3
647,Islamabad,33.6844,73.0479,cotton,loam,36.96,Kharif,27.0,209.1,None,Mega,40,1200,2.9,19219200,266.9
648,Multan,30.1575,71.5249,sugarcane,loam,4.79,Kharif,31.5,482.1,DAP,Medium,5,120,51.7,3592500,499.0
649,Kasur,31.1155,74.4466,gram,loamy sand,44.52,Rabi,22.0,134.2,FYM,Ultra,50,1500,1.8,15582000,173.1
650,Lahore,31.5204,74.3587,cotton,sandy loam,49.89,Kharif,33.2,183.1,NPK,Ultra,50,1500,2.8,25942800,288.3
651,Sahiwal,30.6705,73.1063,potato,loam,3.86,Rabi,16.2,346.4,NPK,Medium,5,120,2.7,1544000,214.4
652,Lahore,31.5204,74.3587,gram,loamy sand,34.92,Rabi,22.0,119.9,Urea,Mega,40,1200,2.2,12222000,169.8
653,Islamabad,33.6844,73.0479,cotton,loam,14.4,Kharif,25.4,241.0,DAP,Heavy,20,600,2.8,7488000,208.0
654,Gujranwala,32.1877,74.1945,gram,loamy sand,31.84,Rabi,24.4,166.7,FYM,Mega,40,1200,1.8,11144000,154.8
655,Jhang,31.2682,72.3184,wheat,clay loam,24.57,Rabi,18.5,369.9,Urea,Extra Heavy,30,900,3.2,11056500,204.8
656,Jhang,31.2682,72.3184,sugarcane,loam,8.65,Kharif,34.9,553.2,Urea,Large,10,300,56.2,6487500,360.4
657,Okara,30.8103,73.4513,rice,clay,47.54,Kharif,33.1,572.6,NPK,Ultra,50,1500,4.2,32327200,359.2
658,Multan,30.1575,71.5249,maize,sandy loam,32.89,Kharif,22.7,440.7,None,Mega,40,1200,3.5,15787200,219.3
659,Gujranwala,32.1877,74.1945,cotton,loam,9.58,Kharif,27.3,163.1,FYM,Large,10,300,2.8,4981600,276.8
660,Sheikhupura,31.7131,73.9783,rice,clay loam,40.54,Kharif,33.3,506.6,None,Ultra,50,1500,4.2,27567200,306.3
661,Jhang,31.2682,72.3184,gram,loamy sand,21.08,Rabi,18.2,159.7,Urea,Extra Heavy,30,900,1.7,7378000,136.6
662,Jhang,31.2682,72.3184,gram,sandy loam,17.47,Rabi,19.2,213.6,NPK,Extra Heavy,30,900,2.2,6114500,113.2
663,Lahore,31.5204,74.3587,maize,loam,8.07,Kharif,23.8,473.8,Urea,Large,10,300,3.9,3873600,215.2
664,Okara,30.8103,73.4513,gram,loamy sand,18.31,Rabi,23.9,110.0,DAP,Extra Heavy,30,900,2.4,6408500,118.7
665,Sukkur,27.7132,68.8482,sugarcane,clay loam,3.33,Kharif,28.5,420.7,DAP,Medium,5,120,62.2,2497500,346.9
666,Okara,30.8103,73.4513,cotton,sandy loam,18.59,Kharif,33.5,244.2,Urea,Extra Heavy,30,900,2.7,9666800,179.0
667,Jhang,31.2682,72.3184,rice,clay,40.05,Kharif,30.2,778.6,FYM,Ultra,50,1500,4.0,27234000,302.6
668,Gujranwala,32.1877,74.1945,sugarcane,loam,15.86,Kharif,28.8,431.8,NPK,Extra Heavy,30,900,66.4,11895000,220.3
669,Quetta,30.1798,66.975,wheat,clay loam,7.4,Rabi,19.9,240.0,DAP,Large,10,300,4.3,3330000,185.0
670,Jhang,31.2682,72.3184,maize,loam,19.21,Kharif,28.7,457.8,FYM,Extra Heavy,30,900,3.4,9220800,170.8
671,Gujrat,32.5742,74.0754,gram,loamy sand,43.09,Rabi,16.7,140.3,None,Ultra,50,1500,1.6,15081500,167.6
672,Gujrat,32.5742,74.0754,wheat,silty loam,23.94,Rabi,22.1,372.1,Urea,Extra Heavy,30,900,4.1,10773000,199.5
673,Rahim Yar Khan,28.4209,70.2952,potato,loam,25.59,Rabi,16.4,202.1,DAP,Mega,40,1200,2.8,10236000,142.2
674,Sheikhupura,31.7131,73.9783,maize,loam,30.0,Kharif,26.3,358.0,Urea,Mega,40,1200,3.6,14400000,200.0
675,Multan,30.1575,71.5249,rice,clay,3.85,Kharif,25.2,638.8,None,Medium,5,120,4.3,2618000,363.6
676,Sargodha,32.0836,72.6711,rice,clay,28.31,Kharif,32.4,596.9,Urea,Mega,40,1200,4.2,19250800,267.4
677,Bahawalpur,29.3956,71.6836,gram,sandy loam,35.04,Rabi,24.0,140.7,NPK,Mega,40,1200,2.5,12264000,170.3
678,Rawalpindi,33.5651,73.0169,gram,loamy sand,44.4,Rabi,16.5,204.0,Urea,Ultra,50,1500,2.2,15540000,172.7
679,Sahiwal,30.6705,73.1063,wheat,loam,35.96,Rabi,21.0,324.3,FYM,Mega,40,1200,4.3,16182000,224.8
680,Quetta,30.1798,66.975,rice,clay loam,45.78,Kharif,30.3,506.8,Urea,Ultra,50,1500,4.5,31130400,345.9
681,Rawalpindi,33.5651,73.0169,potato,loam,36.31,Rabi,19.3,250.4,DAP,Mega,40,1200,2.7,14524000,201.7
682,Sheikhupura,31.7131,73.9783,rice,clay,3.92,Kharif,33.5,686.9,DAP,Medium,5,120,4.5,2665600,370.2
683,Okara,30.8103,73.4513,sugarcane,clay loam,28.05,Kharif,27.8,516.6,FYM,Mega,40,1200,65.3,21037500,292.2
684,Karachi,24.8607,67.0011,maize,loam,23.39,Kharif,22.7,438.1,None,Extra Heavy,30,900,3.3,11227200,207.9
685,Sialkot,32.4922,74.5311,cotton,sandy loam,49.66,Kharif,32.0,234.0,None,Ultra,50,1500,2.4,25823200,286.9
686,Okara,30.8103,73.4513,wheat,silty loam,10.55,Rabi,20.6,355.6,Urea,Heavy,20,600,3.7,4747500,131.9
687,Sukkur,27.7132,68.8482,cotton,loam,43.9,Kharif,34.1,187.2,Urea,Ultra,50,1500,1.6,22828000,253.6
688,Sialkot,32.4922,74.5311,gram,loamy sand,11.85,Rabi,23.1,225.6,DAP,Heavy,20,600,1.5,4147500,115.2
689,Sukkur,27.7132,68.8482,maize,sandy loam,48.15,Kharif,29.0,498.0,None,Ultra,50,1500,4.2,23112000,256.8
690,Quetta,30.1798,66.975,gram,loamy sand,43.67,Rabi,21.2,173.3,DAP,Ultra,50,1500,2.3,15284500,169.8
691,Multan,30.1575,71.5249,wheat,clay loam,27.24,Rabi,19.7,288.8,NPK,Mega,40,1200,3.9,12258000,170.2
692,Islamabad,33.6844,73.0479,sugarcane,loam,22.98,Kharif,29.3,450.2,NPK,Extra Heavy,30,900,63.9,17235000,319.2
693,Jhang,31.2682,72.3184,potato,sandy loam,37.08,Rabi,22.2,265.9,DAP,Mega,40,1200,2.8,14832000,206.0
694,Karachi,24.8607,67.0011,gram,sandy loam,20.48,Rabi,23.8,173.8,DAP,Extra Heavy,30,900,2.2,7168000,132.7
695,Karachi,24.8607,67.0011,gram,loamy sand,44.7,Rabi,17.5,113.4,FYM,Ultra,50,1500,2.0,15645000,173.8
696,Sahiwal,30.6705,73.1063,sugarcane,loam,39.9,Kharif,26.5,433.6,None,Mega,40,1200,51.9,29925000,415.6
697,Peshawar,34.0151,71.5249,potato,loam,44.68,Rabi,19.7,260.1,None,Ultra,50,1500,3.4,17872000,198.6
698,Gujranwala,32.1877,74.1945,wheat,clay loam,38.73,Rabi,18.8,310.2,FYM,Mega,40,1200,4.1,17428500,242.1
699,Gujranwala,32.1877,74.1945,maize,sandy loam,30.93,Kharif,29.4,288.1,NPK,Mega,40,1200,3.4,14846400,206.2
700,Faisalabad,31.4504,73.135,cotton,loam,39.75,Kharif,33.4,266.9,FYM,Mega,40,1200,1.9,20670000,287.1
701,Karachi,24.8607,67.0011,sugarcane,loam,49.11,Kharif,34.0,593.5,Urea,Ultra,50,1500,54.5,36832500,409.2
702,Sheikhupura,31.7131,73.9783,gram,sandy loam,35.4,Rabi,18.8,175.2,None,Mega,40,1200,1.9,12390000,172.1
703,Sialkot,32.4922,74.5311,gram,sandy loam,23.45,Rabi,19.7,245.8,DAP,Extra Heavy,30,900,2.0,8207500,152.0
704,Sialkot,32.4922,74.5311,maize,sandy loam,5.38,Kharif,25.9,342.6,NPK,Upper Medium,7,200,3.0,2582400,215.2
705,Rawalpindi,33.5651,73.0169,maize,loam,22.43,Kharif,21.0,252.1,NPK,Extra Heavy,30,900,3.2,10766400,199.4
706,Rahim Yar Khan,28.4209,70.2952,wheat,loam,29.63,Rabi,23.8,286.2,FYM,Mega,40,1200,3.4,13333500,185.2
707,Karachi,24.8607,67.0011,cotton,loam,2.22,Kharif,26.2,304.1,DAP,Small,3,60,1.5,1154400,320.7
708,Kasur,31.1155,74.4466,gram,sandy loam,28.1,Rabi,21.9,165.1,None,Mega,40,1200,2.4,9835000,136.6
709,Peshawar,34.0151,71.5249,potato,sandy loam,14.88,Rabi,15.1,213.6,Urea,Heavy,20,600,3.0,5952000,165.3
710,Faisalabad,31.4504,73.135,cotton,loam,13.67,Kharif,30.3,201.5,DAP,Heavy,20,600,2.4,7108400,197.5
711,Faisalabad,31.4504,73.135,maize,loam,32.92,Kharif,23.9,419.9,None,Mega,40,1200,4.2,15801600,219.5
712,Islamabad,33.6844,73.0479,wheat,clay loam,36.21,Rabi,18.4,343.7,FYM,Mega,40,1200,3.1,16294500,226.3
713,Jhang,31.2682,72.3184,gram,sandy loam,35.36,Rabi,24.5,173.7,DAP,Mega,40,1200,2.4,12376000,171.9
714,Jhang,31.2682,72.3184,maize,sandy loam,46.76,Kharif,23.6,446.7,NPK,Ultra,50,1500,3.8,22444800,249.4
715,Gujranwala,32.1877,74.1945,potato,loam,46.56,Rabi,17.3,274.8,None,Ultra,50,1500,2.7,18624000,206.9
716,Sahiwal,30.6705,73.1063,gram,sandy loam,13.61,Rabi,24.0,169.8,DAP,Heavy,20,600,1.9,4763500,132.3
717,Jhang,31.2682,72.3184,cotton,sandy loam,35.83,Kharif,29.9,343.4,NPK,Mega,40,1200,2.8,18631600,258.8
718,Kasur,31.1155,74.4466,sugarcane,loam,29.66,Kharif,32.8,475.6,NPK,Mega,40,1200,62.9,22245000,309.0
719,Okara,30.8103,73.4513,wheat,clay loam,48.02,Rabi,16.0,371.6,Urea,Ultra,50,1500,4.4,21609000,240.1
720,Gujrat,32.5742,74.0754,maize,loam,25.57,Kharif,26.7,384.8,FYM,Mega,40,1200,4.3,12273600,170.5
721,Jhang,31.2682,72.3184,rice,clay,33.01,Kharif,29.1,699.0,None,Mega,40,1200,4.2,22446800,311.8
722,Gujrat,32.5742,74.0754,wheat,clay loam,2.37,Rabi,15.4,390.2,NPK,Small,3,60,3.2,1066500,296.2
723,Karachi,24.8607,67.0011,sugarcane,loam,41.25,Kharif,34.0,576.4,FYM,Ultra,50,1500,59.6,30937500,343.8
724,Peshawar,34.0151,71.5249,maize,sandy loam,2.38,Kharif,25.1,365.6,NPK,Small,3,60,3.6,1142400,317.3
725,Karachi,24.8607,67.0011,maize,loam,20.47,Kharif,22.1,453.2,None,Extra Heavy,30,900,4.3,9825600,182.0
726,Multan,30.1575,71.5249,potato,sandy loam,1.62,Rabi,22.0,237.8,Urea,Small,3,60,3.2,648000,180.0
727,Sukkur,27.7132,68.8482,wheat,silty loam,35.57,Rabi,17.4,318.2,None,Mega,40,1200,3.6,16006500,222.3
728,Islamabad,33.6844,73.0479,sugarcane,clay loam,37.28,Kharif,26.7,428.5,FYM,Mega,40,1200,51.5,27960000,388.3
729,Rawalpindi,33.5651,73.0169,rice,clay loam,1.23,Kharif,33.7,737.5,Urea,Small,3,60,3.6,836400,232.3
730,Sahiwal,30.6705,73.1063,maize,sandy loam,19.68,Kharif,20.8,461.2,DAP,Extra Heavy,30,900,4.4,9446400,174.9
731,Peshawar,34.0151,71.5249,maize,loam,23.68,Kharif,20.5,498.1,Urea,Extra Heavy,30,900,3.9,11366400,210.5
732,Kasur,31.1155,74.4466,cotton,loam,17.0,Kharif,28.7,243.0,None,Extra Heavy,30,900,1.8,8840000,163.7
733,Rahim Yar Khan,28.4209,70.2952,maize,loam,25.58,Kharif,20.2,435.8,Urea,Mega,40,1200,3.2,12278400,170.5
734,Sargodha,32.0836,72.6711,cotton,sandy loam,35.73,Kharif,31.3,301.9,Urea,Mega,40,1200,1.8,18579600,258.1
735,Sialkot,32.4922,74.5311,sugarcane,clay loam,25.79,Kharif,32.8,521.5,FYM,Mega,40,1200,51.2,19342500,268.6
736,Peshawar,34.0151,71.5249,cotton,loam,38.71,Kharif,26.2,300.7,NPK,Mega,40,1200,2.1,20129200,279.6
737,Sahiwal,30.6705,73.1063,wheat,silty loam,6.77,Rabi,21.8,213.6,DAP,Upper Medium,7,200,3.1,3046500,253.9
738,Multan,30.1575,71.5249,sugarcane,loam,46.65,Kharif,30.1,411.5,DAP,Ultra,50,1500,66.8,34987500,388.8
739,Quetta,30.1798,66.975,cotton,sandy loam,29.21,Kharif,26.0,324.8,Urea,Mega,40,1200,2.8,15189200,211.0
740,Lahore,31.5204,74.3587,potato,sandy loam,41.89,Rabi,22.8,319.9,DAP,Ultra,50,1500,2.5,16756000,186.2
741,Rawalpindi,33.5651,73.0169,potato,loam,45.21,Rabi,22.7,311.3,NPK,Ultra,50,1500,3.1,18084000,200.9
742,Peshawar,34.0151,71.5249,sugarcane,loam,39.16,Kharif,30.1,517.0,Urea,Mega,40,1200,62.0,29370000,407.9
743,Kasur,31.1155,74.4466,maize,loam,14.86,Kharif,29.8,268.0,Urea,Heavy,20,600,3.2,7132800,198.1
744,Jhang,31.2682,72.3184,gram,sandy loam,46.51,Rabi,24.9,100.7,DAP,Ultra,50,1500,1.6,16278500,180.9
745,Jhang,31.2682,72.3184,maize,sandy loam,25.96,Kharif,20.2,287.5,Urea,Mega,40,1200,3.3,12460800,173.1
746,Sialkot,32.4922,74.5311,wheat,silty loam,38.83,Rabi,21.7,400.0,FYM,Mega,40,1200,4.4,17473500,242.7
747,Gujranwala,32.1877,74.1945,gram,sandy loam,19.45,Rabi,23.7,108.2,None,Extra Heavy,30,900,1.9,6807500,126.1
748,Gujranwala,32.1877,74.1945,sugarcane,clay loam,35.09,Kharif,27.1,593.3,NPK,Mega,40,1200,57.5,26317500,365.5
749,Kasur,31.1155,74.4466,sugarcane,loam,38.87,Kharif,30.1,406.9,Urea,Mega,40,1200,57.2,29152500,404.9
750,Gujrat,32.5742,74.0754,potato,loam,47.35,Rabi,15.1,238.8,NPK,Ultra,50,1500,3.4,18940000,210.4
751,Gujrat,32.5742,74.0754,cotton,sandy loam,3.69,Kharif,25.2,214.8,DAP,Medium,5,120,2.2,1918800,266.5
752,Faisalabad,31.4504,73.135,maize,sandy loam,13.79,Kharif,24.5,257.3,Urea,Heavy,20,600,3.1,6619200,183.9
753,Sargodha,32.0836,72.6711,potato,loam,18.21,Rabi,17.1,248.7,FYM,Extra Heavy,30,900,2.2,7284000,134.9
754,Multan,30.1575,71.5249,wheat,silty loam,45.66,Rabi,19.3,299.7,Urea,Ultra,50,1500,4.0,20547000,228.3
755,Multan,30.1575,71.5249,cotton,sandy loam,39.14,Kharif,34.0,220.3,NPK,Mega,40,1200,2.6,20352800,282.7
756,Faisalabad,31.4504,73.135,maize,sandy loam,23.47,Kharif,28.9,359.0,FYM,Extra Heavy,30,900,4.1,11265600,208.6
757,Sheikhupura,31.7131,73.9783,sugarcane,loam,20.48,Kharif,26.5,462.0,DAP,Extra Heavy,30,900,63.7,15360000,284.4
758,Bahawalpur,29.3956,71.6836,rice,clay loam,6.12,Kharif,28.2,585.9,NPK,Upper Medium,7,200,4.6,4161600,346.8
759,Sheikhupura,31.7131,73.9783,rice,clay loam,2.28,Kharif,29.0,613.2,None,Small,3,60,3.6,1550400,430.7
760,Okara,30.8103,73.4513,gram,loamy sand,1.24,Rabi,21.7,205.7,Urea,Small,3,60,1.9,434000,120.6
761,Sargodha,32.0836,72.6711,wheat,clay loam,44.87,Rabi,19.6,266.6,NPK,Ultra,50,1500,3.9,20191500,224.3
762,Quetta,30.1798,66.975,potato,sandy loam,9.43,Rabi,15.1,339.2,DAP,Large,10,300,2.9,3772000,209.6
763,Rawalpindi,33.5651,73.0169,maize,loam,1.59,Kharif,28.7,364.3,Urea,Small,3,60,4.3,763200,212.0
764,Sukkur,27.7132,68.8482,gram,sandy loam,44.3,Rabi,24.7,195.7,Urea,Ultra,50,1500,1.8,15505000,172.3
765,Karachi,24.8607,67.0011,gram,loamy sand,28.01,Rabi,20.8,188.5,Urea,Mega,40,1200,2.3,9803500,136.2
766,Sialkot,32.4922,74.5311,potato,sandy loam,41.83,Rabi,23.6,226.5,Urea,Ultra,50,1500,2.9,16732000,185.9
767,Okara,30.8103,73.4513,gram,loamy sand,10.82,Rabi,21.0,218.1,DAP,Heavy,20,600,2.4,3787000,105.2
768,Gujrat,32.5742,74.0754,cotton,sandy loam,43.72,Kharif,27.6,207.2,None,Ultra,50,1500,2.4,22734400,252.6
769,Okara,30.8103,73.4513,potato,sandy loam,45.27,Rabi,23.2,216.3,NPK,Ultra,50,1500,2.8,18108000,201.2
770,Peshawar,34.0151,71.5249,gram,loamy sand,6.14,Rabi,16.2,160.1,NPK,Upper Medium,7,200,1.5,2149000,179.1
771,Lahore,31.5204,74.3587,gram,sandy loam,41.5,Rabi,15.3,177.8,Urea,Ultra,50,1500,2.1,14525000,161.4
772,Multan,30.1575,71.5249,sugarcane,loam,41.79,Kharif,32.5,591.3,None,Ultra,50,1500,50.3,31342500,348.2
773,Rawalpindi,33.5651,73.0169,potato,loam,6.25,Rabi,22.8,236.8,FYM,Upper Medium,7,200,3.2,2500000,208.3
774,Bahawalpur,29.3956,71.6836,potato,sandy loam,28.42,Rabi,16.5,228.4,None,Mega,40,1200,2.4,11368000,157.9
775,Sheikhupura,31.7131,73.9783,wheat,silty loam,11.4,Rabi,23.3,240.5,None,Heavy,20,600,3.1,5130000,142.5
776,Quetta,30.1798,66.975,cotton,sandy loam,10.27,Kharif,33.3,341.2,Urea,Heavy,20,600,1.9,5340400,148.3
777,Sialkot,32.4922,74.5311,potato,loam,46.02,Rabi,19.5,264.9,None,Ultra,50,1500,2.1,18408000,204.5
778,Multan,30.1575,71.5249,maize,loam,1.58,Kharif,21.2,416.5,DAP,Small,3,60,3.8,758400,210.7
779,Faisalabad,31.4504,73.135,gram,sandy loam,36.23,Rabi,18.7,108.1,None,Mega,40,1200,2.4,12680500,176.1
780,Sheikhupura,31.7131,73.9783,cotton,sandy loam,9.44,Kharif,28.1,249.1,Urea,Large,10,300,1.5,4908800,272.7
781,Lahore,31.5204,74.3587,cotton,loam,42.0,Kharif,28.7,166.0,DAP,Ultra,50,1500,2.6,21840000,242.7
782,Quetta,30.1798,66.975,rice,clay,41.63,Kharif,32.8,605.5,FYM,Ultra,50,1500,4.0,28308400,314.5
783,Multan,30.1575,71.5249,potato,loam,8.37,Rabi,15.6,224.6,FYM,Large,10,300,2.7,3348000,186.0
784,Sargodha,32.0836,72.6711,gram,loamy sand,40.84,Rabi,22.5,101.7,Urea,Ultra,50,1500,2.2,14294000,158.8
785,Sheikhupura,31.7131,73.9783,sugarcane,loam,9.94,Kharif,30.1,592.3,NPK,Large,10,300,61.4,7455000,414.2
786,Gujrat,32.5742,74.0754,cotton,loam,20.6,Kharif,27.1,262.1,None,Extra Heavy,30,900,1.5,10712000,198.4
787,Lahore,31.5204,74.3587,maize,loam,32.96,Kharif,26.3,410.8,DAP,Mega,40,1200,3.4,15820800,219.7
788,Sahiwal,30.6705,73.1063,maize,sandy loam,49.87,Kharif,25.5,451.2,None,Ultra,50,1500,4.2,23937600,266.0
789,Islamabad,33.6844,73.0479,rice,clay loam,35.82,Kharif,26.3,636.7,FYM,Mega,40,1200,3.9,24357600,338.3
790,Sahiwal,30.6705,73.1063,potato,sandy loam,40.49,Rabi,20.6,309.3,FYM,Ultra,50,1500,3.1,16196000,180.0
791,Lahore,31.5204,74.3587,rice,clay,43.31,Kharif,28.0,795.1,DAP,Ultra,50,1500,4.7,29450800,327.2
792,Kasur,31.1155,74.4466,wheat,loam,28.29,Rabi,20.8,365.3,NPK,Mega,40,1200,3.8,12730500,176.8
793,Okara,30.8103,73.4513,rice,clay,21.23,Kharif,34.7,528.8,DAP,Extra Heavy,30,900,3.9,14436400,267.3
794,Bahawalpur,29.3956,71.6836,cotton,loam,32.77,Kharif,27.4,212.2,FYM,Mega,40,1200,2.1,17040400,236.7
795,Sargodha,32.0836,72.6711,maize,loam,12.93,Kharif,29.7,354.5,FYM,Heavy,20,600,4.0,6206400,172.4
796,Lahore,31.5204,74.3587,wheat,silty loam,11.62,Rabi,23.4,376.7,None,Heavy,20,600,4.3,5229000,145.2
797,Sialkot,32.4922,74.5311,cotton,sandy loam,4.85,Kharif,28.5,180.8,None,Medium,5,120,1.9,2522000,350.3
798,Islamabad,33.6844,73.0479,rice,clay loam,40.82,Kharif,29.8,562.6,DAP,Ultra,50,1500,4.5,27757600,308.4
799,Kasur,31.1155,74.4466,wheat,loam,29.59,Rabi,18.6,291.5,Urea,Mega,40,1200,3.3,13315500,184.9
800,Sargodha,32.0836,72.6711,gram,loamy sand,31.0,Rabi,17.6,222.4,Urea,Mega,40,1200,2.4,10850000,150.7
801,Lahore,31.5204,74.3587,maize,loam,18.39,Kharif,25.7,398.4,Urea,Extra Heavy,30,900,3.2,8827200,163.5
802,Faisalabad,31.4504,73.135,wheat,loam,18.67,Rabi,22.2,243.3,FYM,Extra Heavy,30,900,4.3,8401500,155.6
803,Jhang,31.2682,72.3184,potato,loam,2.04,Rabi,16.0,269.5,Urea,Small,3,60,2.0,816000,226.7
804,Quetta,30.1798,66.975,potato,sandy loam,6.57,Rabi,20.2,239.9,None,Upper Medium,7,200,2.6,2628000,219.0
805,Bahawalpur,29.3956,71.6836,sugarcane,loam,24.4,Kharif,31.2,482.5,None,Extra Heavy,30,900,64.9,18300000,338.9
806,Quetta,30.1798,66.975,rice,clay loam,14.26,Kharif,27.3,752.8,DAP,Heavy,20,600,4.1,9696800,269.4
807,Quetta,30.1798,66.975,cotton,sandy loam,6.5,Kharif,28.6,342.2,NPK,Upper Medium,7,200,2.7,3380000,281.7
808,Sukkur,27.7132,68.8482,maize,loam,10.94,Kharif,21.5,468.1,FYM,Heavy,20,600,4.2,5251200,145.9
809,Karachi,24.8607,67.0011,potato,sandy loam,36.12,Rabi,24.9,260.2,DAP,Mega,40,1200,2.1,14448000,200.7
810,Lahore,31.5204,74.3587,wheat,silty loam,35.51,Rabi,21.0,381.6,None,Mega,40,1200,4.3,15979500,221.9
811,Multan,30.1575,71.5249,gram,loamy sand,16.21,Rabi,15.7,245.7,None,Extra Heavy,30,900,2.0,5673500,105.1
812,Jhang,31.2682,72.3184,rice,clay loam,30.61,Kharif,25.3,653.6,DAP,Mega,40,1200,3.7,20814800,289.1
813,Sargodha,32.0836,72.6711,sugarcane,clay loam,26.99,Kharif,27.0,422.7,Urea,Mega,40,1200,61.1,20242500,281.1
814,Rahim Yar Khan,28.4209,70.2952,cotton,loam,1.79,Kharif,30.8,314.2,NPK,Small,3,60,2.3,930800,258.6
815,Sheikhupura,31.7131,73.9783,maize,sandy loam,44.47,Kharif,24.9,305.7,NPK,Ultra,50,1500,3.9,21345600,237.2
816,Lahore,31.5204,74.3587,wheat,loam,23.34,Rabi,22.8,338.7,NPK,Extra Heavy,30,900,3.1,10503000,194.5
817,Sialkot,32.4922,74.5311,wheat,silty loam,26.76,Rabi,19.2,272.8,DAP,Mega,40,1200,3.7,12042000,167.2
818,Gujrat,32.5742,74.0754,potato,sandy loam,43.51,Rabi,24.2,287.9,NPK,Ultra,50,1500,2.4,17404000,193.4
819,Gujrat,32.5742,74.0754,cotton,loam,4.91,Kharif,30.9,274.7,None,Medium,5,120,1.6,2553200,354.6
820,Sargodha,32.0836,72.6711,rice,clay,3.13,Kharif,33.8,719.7,DAP,Medium,5,120,4.8,2128400,295.6
821,Kasur,31.1155,74.4466,cotton,loam,42.62,Kharif,30.5,207.8,None,Ultra,50,1500,2.9,22162400,246.2
822,Peshawar,34.0151,71.5249,cotton,sandy loam,28.81,Kharif,25.3,216.8,DAP,Mega,40,1200,3.0,14981200,208.1
823,Faisalabad,31.4504,73.135,rice,clay loam,36.43,Kharif,34.9,520.7,DAP,Mega,40,1200,3.5,24772400,344.1
824,Sheikhupura,31.7131,73.9783,cotton,sandy loam,13.78,Kharif,31.8,343.1,FYM,Heavy,20,600,2.1,7165600,199.0
825,Peshawar,34.0151,71.5249,cotton,loam,36.16,Kharif,28.9,323.5,Urea,Mega,40,1200,2.1,18803200,261.2
826,Islamabad,33.6844,73.0479,wheat,clay loam,29.83,Rabi,21.5,397.9,None,Mega,40,1200,3.7,13423500,186.4
827,Okara,30.8103,73.4513,wheat,silty loam,49.04,Rabi,15.5,223.5,NPK,Ultra,50,1500,3.3,22068000,245.2
828,Karachi,24.8607,67.0011,maize,loam,33.49,Kharif,24.7,426.3,Urea,Mega,40,1200,4.4,16075200,223.3
829,Lahore,31.5204,74.3587,sugarcane,clay loam,11.58,Kharif,28.6,416.1,None,Heavy,20,600,59.7,8685000,241.2
830,Gujranwala,32.1877,74.1945,wheat,silty loam,25.99,Rabi,15.7,386.0,Urea,Mega,40,1200,3.3,11695500,162.4
831,Okara,30.8103,73.4513,potato,loam,30.0,Rabi,17.1,203.7,Urea,Mega,40,1200,2.5,12000000,166.7
832,Sukkur,27.7132,68.8482,maize,sandy loam,7.49,Kharif,27.6,467.3,DAP,Large,10,300,4.2,3595200,199.7
833,Gujrat,32.5742,74.0754,sugarcane,clay loam,3.97,Kharif,31.6,518.2,None,Medium,5,120,53.5,2977500,413.5
834,Bahawalpur,29.3956,71.6836,wheat,silty loam,7.91,Rabi,22.0,377.7,Urea,Large,10,300,4.1,3559500,197.8
835,Lahore,31.5204,74.3587,cotton,loam,25.5,Kharif,26.8,258.1,None,Mega,40,1200,2.7,13260000,184.2
836,Quetta,30.1798,66.975,rice,clay,35.64,Kharif,27.8,551.7,FYM,Mega,40,1200,3.9,24235200,336.6
837,Gujranwala,32.1877,74.1945,sugarcane,clay loam,14.47,Kharif,30.0,538.9,None,Heavy,20,600,69.5,10852500,301.5
838,Kasur,31.1155,74.4466,wheat,clay loam,18.79,Rabi,22.2,313.4,Urea,Extra Heavy,30,900,3.4,8455500,156.6
839,Karachi,24.8607,67.0011,potato,loam,31.5,Rabi,16.7,227.3,DAP,Mega,40,1200,3.0,12600000,175.0
840,Jhang,31.2682,72.3184,sugarcane,loam,1.18,Kharif,26.4,464.0,DAP,Small,3,60,60.5,885000,245.8
841,Gujrat,32.5742,74.0754,cotton,sandy loam,31.36,Kharif,33.1,345.7,None,Mega,40,1200,1.5,16307200,226.5
842,Jhang,31.2682,72.3184,maize,loam,39.97,Kharif,22.6,278.8,None,Mega,40,1200,4.2,19185600,266.5
843,Sahiwal,30.6705,73.1063,maize,sandy loam,26.23,Kharif,28.8,362.4,None,Mega,40,1200,3.6,12590400,174.9
844,Sialkot,32.4922,74.5311,wheat,loam,30.1,Rabi,19.4,264.7,NPK,Mega,40,1200,3.3,13545000,188.1
845,Peshawar,34.0151,71.5249,rice,clay,40.06,Kharif,34.7,720.9,None,Ultra,50,1500,4.9,27240800,302.7
846,Sheikhupura,31.7131,73.9783,gram,loamy sand,34.69,Rabi,19.3,245.5,None,Mega,40,1200,1.6,12141500,168.6
847,Gujranwala,32.1877,74.1945,rice,clay loam,8.62,Kharif,26.0,568.3,None,Large,10,300,3.8,5861600,325.6
848,Faisalabad,31.4504,73.135,wheat,clay loam,24.48,Rabi,19.3,302.0,Urea,Extra Heavy,30,900,4.3,11016000,204.0
849,Rawalpindi,33.5651,73.0169,cotton,sandy loam,39.93,Kharif,25.4,292.6,None,Mega,40,1200,2.6,20763600,288.4
850,Gujrat,32.5742,74.0754,rice,clay,12.33,Kharif,33.7,567.2,FYM,Heavy,20,600,4.8,8384400,232.9
851,Peshawar,34.0151,71.5249,gram,loamy sand,18.59,Rabi,24.1,190.7,DAP,Extra Heavy,30,900,2.4,6506500,120.5
852,Sheikhupura,31.7131,73.9783,gram,sandy loam,25.68,Rabi,19.6,123.8,DAP,Mega,40,1200,2.4,8988000,124.8
853,Bahawalpur,29.3956,71.6836,gram,sandy loam,7.85,Rabi,17.8,158.6,None,Large,10,300,1.9,2747500,152.6
854,Sialkot,32.4922,74.5311,cotton,loam,37.32,Kharif,33.1,262.5,FYM,Mega,40,1200,2.9,19406400,269.5
855,Okara,30.8103,73.4513,wheat,loam,16.13,Rabi,15.5,381.3,NPK,Extra Heavy,30,900,3.0,7258500,134.4
856,Sahiwal,30.6705,73.1063,cotton,sandy loam,36.97,Kharif,31.1,306.3,NPK,Mega,40,1200,2.4,19224400,267.0
857,Islamabad,33.6844,73.0479,sugarcane,loam,24.19,Kharif,33.8,406.0,NPK,Extra Heavy,30,900,50.8,18142500,336.0
858,Sargodha,32.0836,72.6711,wheat,loam,3.84,Rabi,22.7,261.6,FYM,Medium,5,120,4.0,1728000,240.0
859,Sheikhupura,31.7131,73.9783,potato,sandy loam,44.94,Rabi,21.2,278.5,None,Ultra,50,1500,3.3,17976000,199.7
860,Quetta,30.1798,66.975,potato,sandy loam,13.79,Rabi,22.8,274.1,None,Heavy,20,600,2.2,5516000,153.2
861,Sargodha,32.0836,72.6711,maize,loam,14.01,Kharif,21.0,325.2,None,Heavy,20,600,3.0,6724800,186.8
862,Sialkot,32.4922,74.5311,cotton,loam,9.56,Kharif,33.5,283.4,DAP,Large,10,300,2.8,4971200,276.2
863,Karachi,24.8607,67.0011,rice,clay loam,16.45,Kharif,33.8,766.2,DAP,Extra Heavy,30,900,3.8,11186000,207.1
864,Jhang,31.2682,72.3184,potato,loam,32.8,Rabi,15.6,232.8,NPK,Mega,40,1200,2.8,13120000,182.2
865,Gujrat,32.5742,74.0754,sugarcane,loam,29.82,Kharif,33.6,443.8,None,Mega,40,1200,68.6,22365000,310.6
866,Okara,30.8103,73.4513,cotton,sandy loam,10.99,Kharif,25.6,279.5,None,Heavy,20,600,2.0,5714800,158.7
867,Faisalabad,31.4504,73.135,cotton,loam,35.95,Kharif,30.8,346.2,None,Mega,40,1200,1.8,18694000,259.6
868,Quetta,30.1798,66.975,wheat,loam,17.29,Rabi,19.1,209.7,Urea,Extra Heavy,30,900,3.1,7780500,144.1
869,Peshawar,34.0151,71.5249,gram,loamy sand,3.03,Rabi,21.5,233.3,DAP,Medium,5,120,2.0,1060500,147.3
870,Faisalabad,31.4504,73.135,sugarcane,loam,48.59,Kharif,28.9,574.5,None,Ultra,50,1500,64.5,36442500,404.9
871,Quetta,30.1798,66.975,sugarcane,loam,47.61,Kharif,29.5,521.2,None,Ultra,50,1500,61.8,35707500,396.8
872,Gujrat,32.5742,74.0754,wheat,clay loam,11.85,Rabi,19.1,284.7,Urea,Heavy,20,600,3.3,5332500,148.1
873,Multan,30.1575,71.5249,cotton,sandy loam,31.33,Kharif,25.5,313.6,Urea,Mega,40,1200,1.6,16291600,226.3
874,Kasur,31.1155,74.4466,potato,sandy loam,8.72,Rabi,21.7,262.2,None,Large,10,300,3.3,3488000,193.8
875,Rawalpindi,33.5651,73.0169,rice,clay,31.13,Kharif,31.7,611.4,NPK,Mega,40,1200,4.6,21168400,294.0
876,Jhang,31.2682,72.3184,wheat,loam,22.63,Rabi,23.5,344.5,FYM,Extra Heavy,30,900,4.0,10183500,188.6
877,Rahim Yar Khan,28.4209,70.2952,rice,clay loam,24.17,Kharif,27.6,774.1,FYM,Extra Heavy,30,900,3.8,16435600,304.4
878,Sheikhupura,31.7131,73.9783,rice,clay,47.32,Kharif,29.0,681.5,DAP,Ultra,50,1500,3.8,32177600,357.5
879,Karachi,24.8607,67.0011,wheat,silty loam,45.86,Rabi,19.3,259.7,FYM,Ultra,50,1500,4.2,20637000,229.3
880,Sheikhupura,31.7131,73.9783,wheat,clay loam,20.06,Rabi,22.8,283.9,NPK,Extra Heavy,30,900,4.1,9027000,167.2
881,Sahiwal,30.6705,73.1063,maize,loam,14.58,Kharif,21.5,433.0,NPK,Heavy,20,600,4.5,6998400,194.4
882,Faisalabad,31.4504,73.135,maize,loam,26.89,Kharif,24.6,308.5,DAP,Mega,40,1200,3.0,12907200,179.3
883,Rahim Yar Khan,28.4209,70.2952,sugarcane,loam,26.54,Kharif,30.8,485.0,NPK,Mega,40,1200,56.6,19905000,276.5
884,Sukkur,27.7132,68.8482,sugarcane,clay loam,8.87,Kharif,28.4,488.9,NPK,Large,10,300,57.4,6652500,369.6
885,Sheikhupura,31.7131,73.9783,maize,sandy loam,8.04,Kharif,23.0,454.2,FYM,Large,10,300,4.1,3859200,214.4
886,Kasur,31.1155,74.4466,gram,loamy sand,10.97,Rabi,15.2,122.2,Urea,Heavy,20,600,1.8,3839500,106.7
887,Sialkot,32.4922,74.5311,potato,sandy loam,24.01,Rabi,17.6,314.1,None,Extra Heavy,30,900,3.2,9604000,177.9
888,Gujrat,32.5742,74.0754,potato,sandy loam,25.56,Rabi,17.2,271.0,None,Mega,40,1200,2.4,10224000,142.0
889,Jhang,31.2682,72.3184,cotton,sandy loam,43.95,Kharif,26.6,246.5,DAP,Ultra,50,1500,2.0,22854000,253.9
890,Sialkot,32.4922,74.5311,maize,sandy loam,45.26,Kharif,27.8,445.4,DAP,Ultra,50,1500,3.9,21724800,241.4
891,Faisalabad,31.4504,73.135,gram,loamy sand,25.78,Rabi,16.2,173.8,DAP,Mega,40,1200,1.9,9023000,125.3
892,Multan,30.1575,71.5249,rice,clay,39.46,Kharif,25.6,624.1,NPK,Mega,40,1200,5.0,26832800,372.7
893,Karachi,24.8607,67.0011,rice,clay loam,40.32,Kharif,29.1,543.4,DAP,Ultra,50,1500,4.5,27417600,304.6
894,Jhang,31.2682,72.3184,gram,sandy loam,24.31,Rabi,15.2,146.8,NPK,Extra Heavy,30,900,2.1,8508500,157.6
895,Okara,30.8103,73.4513,wheat,clay loam,2.88,Rabi,17.4,244.4,DAP,Small,3,60,4.5,1296000,360.0
896,Karachi,24.8607,67.0011,gram,sandy loam,18.12,Rabi,18.1,123.4,DAP,Extra Heavy,30,900,2.4,6342000,117.4
897,Sargodha,32.0836,72.6711,rice,clay loam,26.53,Kharif,28.1,770.5,NPK,Mega,40,1200,4.5,18040400,250.6
898,Sialkot,32.4922,74.5311,potato,loam,33.18,Rabi,17.1,292.2,None,Mega,40,1200,3.1,13272000,184.3
899,Okara,30.8103,73.4513,cotton,sandy loam,12.07,Kharif,33.6,303.7,DAP,Heavy,20,600,2.0,6276400,174.3
900,Gujrat,32.5742,74.0754,cotton,sandy loam,27.92,Kharif,34.7,347.6,Urea,Mega,40,1200,2.5,14518400,201.6
901,Sialkot,32.4922,74.5311,cotton,sandy loam,1.78,Kharif,26.1,290.6,Urea,Small,3,60,2.8,925600,257.1
902,Peshawar,34.0151,71.5249,gram,loamy sand,48.68,Rabi,15.5,123.6,Urea,Ultra,50,1500,2.1,17038000,189.3
903,Rahim Yar Khan,28.4209,70.2952,maize,sandy loam,43.08,Kharif,28.8,463.4,Urea,Ultra,50,1500,3.4,20678400,229.8
904,Karachi,24.8607,67.0011,rice,clay loam,24.31,Kharif,26.9,697.9,NPK,Extra Heavy,30,900,3.9,16530800,306.1
905,Gujranwala,32.1877,74.1945,gram,sandy loam,12.89,Rabi,19.4,188.3,DAP,Heavy,20,600,2.0,4511500,125.3
906,Sargodha,32.0836,72.6711,gram,loamy sand,44.14,Rabi,15.5,203.9,Urea,Ultra,50,1500,1.9,15449000,171.7
907,Sargodha,32.0836,72.6711,cotton,loam,42.2,Kharif,30.1,160.6,FYM,Ultra,50,1500,2.3,21944000,243.8
908,Faisalabad,31.4504,73.135,rice,clay loam,38.33,Kharif,30.4,687.6,None,Mega,40,1200,4.0,26064400,362.0
909,Islamabad,33.6844,73.0479,cotton,loam,19.85,Kharif,34.0,230.9,None,Extra Heavy,30,900,1.7,10322000,191.1
910,Sahiwal,30.6705,73.1063,gram,loamy sand,42.1,Rabi,20.2,123.4,DAP,Ultra,50,1500,1.9,14735000,163.7
911,Lahore,31.5204,74.3587,sugarcane,loam,39.11,Kharif,26.4,481.4,Urea,Mega,40,1200,66.2,29332500,407.4
912,Sialkot,32.4922,74.5311,potato,sandy loam,21.56,Rabi,16.6,234.8,Urea,Extra Heavy,30,900,2.5,8624000,159.7
913,Islamabad,33.6844,73.0479,maize,sandy loam,48.59,Kharif,29.0,355.5,FYM,Ultra,50,1500,4.4,23323200,259.1
914,Gujranwala,32.1877,74.1945,sugarcane,clay loam,46.95,Kharif,28.9,566.2,NPK,Ultra,50,1500,64.5,35212500,391.2
915,Okara,30.8103,73.4513,sugarcane,clay loam,28.48,Kharif,28.9,476.0,None,Mega,40,1200,67.8,21360000,296.7
916,Rawalpindi,33.5651,73.0169,potato,sandy loam,12.21,Rabi,16.6,346.7,DAP,Heavy,20,600,3.4,4884000,135.7
917,Islamabad,33.6844,73.0479,gram,sandy loam,25.13,Rabi,15.3,202.7,DAP,Mega,40,1200,1.6,8795500,122.2
918,Rawalpindi,33.5651,73.0169,maize,loam,47.25,Kharif,24.0,495.3,Urea,Ultra,50,1500,3.3,22680000,252.0
919,Sheikhupura,31.7131,73.9783,sugarcane,clay loam,21.22,Kharif,31.5,432.7,DAP,Extra Heavy,30,900,64.1,15915000,294.7
920,Peshawar,34.0151,71.5249,gram,sandy loam,31.89,Rabi,17.1,241.6,FYM,Mega,40,1200,2.0,11161500,155.0
921,Sahiwal,30.6705,73.1063,rice,clay loam,28.7,Kharif,29.0,651.1,FYM,Mega,40,1200,4.6,19516000,271.1
922,Okara,30.8103,73.4513,gram,loamy sand,42.82,Rabi,21.5,225.1,Urea,Ultra,50,1500,1.7,14987000,166.5
923,Sheikhupura,31.7131,73.9783,wheat,silty loam,35.63,Rabi,19.4,257.1,FYM,Mega,40,1200,4.3,16033500,222.7
924,Bahawalpur,29.3956,71.6836,cotton,sandy loam,1.25,Kharif,25.0,346.2,FYM,Small,3,60,2.8,650000,180.6
925,Rawalpindi,33.5651,73.0169,maize,sandy loam,16.7,Kharif,20.9,280.0,FYM,Extra Heavy,30,900,4.4,8016000,148.4
926,Rahim Yar Khan,28.4209,70.2952,cotton,sandy loam,33.8,Kharif,28.8,166.7,NPK,Mega,40,1200,2.9,17576000,244.1
927,Multan,30.1575,71.5249,gram,sandy loam,28.34,Rabi,21.7,193.5,None,Mega,40,1200,1.8,9919000,137.8
928,Okara,30.8103,73.4513,rice,clay loam,13.86,Kharif,26.5,681.0,NPK,Heavy,20,600,3.8,9424800,261.8
929,Bahawalpur,29.3956,71.6836,rice,clay loam,17.35,Kharif,26.6,513.4,Urea,Extra Heavy,30,900,4.3,11798000,218.5
930,Okara,30.8103,73.4513,potato,loam,40.7,Rabi,22.6,304.6,DAP,Ultra,50,1500,3.4,16280000,180.9
931,Gujranwala,32.1877,74.1945,wheat,silty loam,12.86,Rabi,19.2,383.0,DAP,Heavy,20,600,3.8,5787000,160.8
932,Gujrat,32.5742,74.0754,gram,loamy sand,10.79,Rabi,17.5,127.2,FYM,Heavy,20,600,1.8,3776500,104.9
933,Bahawalpur,29.3956,71.6836,potato,loam,48.18,Rabi,18.9,329.5,Urea,Ultra,50,1500,2.9,19272000,214.1
934,Gujrat,32.5742,74.0754,maize,sandy loam,1.58,Kharif,22.4,393.9,NPK,Small,3,60,4.2,758400,210.7
935,Quetta,30.1798,66.975,gram,loamy sand,45.8,Rabi,17.4,112.5,DAP,Ultra,50,1500,1.5,16030000,178.1
936,Sheikhupura,31.7131,73.9783,rice,clay,7.45,Kharif,27.1,603.9,Urea,Large,10,300,3.9,5066000,281.4
937,Peshawar,34.0151,71.5249,cotton,sandy loam,15.44,Kharif,31.4,210.0,FYM,Extra Heavy,30,900,2.9,8028800,148.7
938,Sahiwal,30.6705,73.1063,cotton,loam,14.82,Kharif,34.7,170.6,NPK,Heavy,20,600,2.0,7706400,214.1
939,Sheikhupura,31.7131,73.9783,maize,sandy loam,28.86,Kharif,28.7,439.8,FYM,Mega,40,1200,3.7,13852800,192.4
940,Multan,30.1575,71.5249,wheat,loam,16.96,Rabi,19.0,256.1,NPK,Extra Heavy,30,900,3.3,7632000,141.3
941,Bahawalpur,29.3956,71.6836,maize,loam,3.15,Kharif,21.8,376.3,Urea,Medium,5,120,3.1,1512000,210.0
942,Islamabad,33.6844,73.0479,potato,loam,22.28,Rabi,16.7,254.6,FYM,Extra Heavy,30,900,3.3,8912000,165.0
943,Jhang,31.2682,72.3184,maize,loam,43.67,Kharif,21.8,380.0,Urea,Ultra,50,1500,3.4,20961600,232.9
944,Kasur,31.1155,74.4466,wheat,silty loam,44.11,Rabi,15.0,264.9,NPK,Ultra,50,1500,4.0,19849500,220.6
945,Sheikhupura,31.7131,73.9783,sugarcane,clay loam,32.24,Kharif,34.8,458.0,DAP,Mega,40,1200,53.1,24180000,335.8
946,Islamabad,33.6844,73.0479,gram,loamy sand,13.65,Rabi,17.7,201.3,Urea,Heavy,20,600,2.0,4777500,132.7
947,Jhang,31.2682,72.3184,sugarcane,clay loam,26.19,Kharif,34.8,417.3,DAP,Mega,40,1200,54.3,19642500,272.8
948,Multan,30.1575,71.5249,potato,sandy loam,22.4,Rabi,19.7,257.2,None,Extra Heavy,30,900,3.2,8960000,165.9
949,Karachi,24.8607,67.0011,gram,sandy loam,10.48,Rabi,16.3,133.0,FYM,Heavy,20,600,1.8,3668000,101.9
950,Kasur,31.1155,74.4466,sugarcane,loam,14.0,Kharif,28.9,486.2,None,Heavy,20,600,60.1,10500000,291.7
951,Gujrat,32.5742,74.0754,sugarcane,clay loam,39.43,Kharif,32.3,557.2,DAP,Mega,40,1200,58.1,29572500,410.7
952,Sialkot,32.4922,74.5311,wheat,silty loam,27.04,Rabi,17.5,219.1,Urea,Mega,40,1200,3.0,12168000,169.0
953,Rawalpindi,33.5651,73.0169,gram,sandy loam,15.85,Rabi,16.6,123.5,NPK,Extra Heavy,30,900,1.7,5547500,102.7
954,Okara,30.8103,73.4513,wheat,silty loam,20.64,Rabi,15.8,220.4,Urea,Extra Heavy,30,900,3.9,9288000,172.0
955,Faisalabad,31.4504,73.135,cotton,loam,5.53,Kharif,28.9,227.2,DAP,Upper Medium,7,200,2.8,2875600,239.6
956,Islamabad,33.6844,73.0479,wheat,silty loam,3.02,Rabi,15.1,312.9,DAP,Medium,5,120,4.1,1359000,188.8
957,Gujrat,32.5742,74.0754,cotton,loam,38.31,Kharif,29.0,349.9,Urea,Mega,40,1200,1.9,19921200,276.7
958,Lahore,31.5204,74.3587,cotton,sandy loam,18.93,Kharif,26.6,176.0,None,Extra Heavy,30,900,2.0,9843600,182.3
959,Jhang,31.2682,72.3184,sugarcane,clay loam,12.76,Kharif,25.5,549.8,FYM,Heavy,20,600,64.6,9570000,265.8
960,Okara,30.8103,73.4513,rice,clay loam,0.92,Kharif,33.8,623.5,None,Very Small,2,40,4.2,625600,260.7
961,Karachi,24.8607,67.0011,maize,loam,0.96,Kharif,25.9,494.3,None,Very Small,2,40,4.1,460800,192.0
962,Gujranwala,32.1877,74.1945,rice,clay,49.8,Kharif,33.6,618.1,DAP,Ultra,50,1500,3.6,33864000,376.3
963,Rawalpindi,33.5651,73.0169,sugarcane,loam,10.27,Kharif,32.0,451.9,None,Heavy,20,600,52.9,7702500,214.0
964,Lahore,31.5204,74.3587,maize,sandy loam,22.5,Kharif,23.8,327.3,Urea,Extra Heavy,30,900,3.8,10800000,200.0
965,Multan,30.1575,71.5249,sugarcane,clay loam,16.2,Kharif,29.2,486.1,FYM,Extra Heavy,30,900,54.5,12150000,225.0
966,Gujrat,32.5742,74.0754,sugarcane,loam,13.45,Kharif,31.3,502.6,DAP,Heavy,20,600,66.2,10087500,280.2
967,Bahawalpur,29.3956,71.6836,sugarcane,loam,15.48,Kharif,30.9,504.0,None,Extra Heavy,30,900,69.5,11610000,215.0
968,Gujrat,32.5742,74.0754,potato,sandy loam,45.54,Rabi,15.9,277.1,FYM,Ultra,50,1500,2.2,18216000,202.4
969,Okara,30.8103,73.4513,gram,loamy sand,46.26,Rabi,16.3,208.3,NPK,Ultra,50,1500,2.1,16191000,179.9
970,Rahim Yar Khan,28.4209,70.2952,potato,loam,30.82,Rabi,20.7,333.7,Urea,Mega,40,1200,2.6,12328000,171.2
971,Faisalabad,31.4504,73.135,cotton,sandy loam,1.39,Kharif,27.4,307.5,None,Small,3,60,1.9,722800,200.8
972,Lahore,31.5204,74.3587,cotton,loam,25.69,Kharif,28.5,203.8,DAP,Mega,40,1200,1.6,13358800,185.5
973,Sargodha,32.0836,72.6711,sugarcane,loam,32.21,Kharif,29.7,418.3,NPK,Mega,40,1200,63.0,24157500,335.5
974,Bahawalpur,29.3956,71.6836,gram,sandy loam,14.17,Rabi,23.5,150.4,FYM,Heavy,20,600,2.3,4959500,137.8
975,Lahore,31.5204,74.3587,wheat,clay loam,45.64,Rabi,20.7,287.4,FYM,Ultra,50,1500,4.2,20538000,228.2
976,Bahawalpur,29.3956,71.6836,cotton,sandy loam,44.74,Kharif,31.7,211.0,FYM,Ultra,50,1500,2.9,23264800,258.5
977,Okara,30.8103,73.4513,sugarcane,clay loam,46.16,Kharif,33.9,499.4,NPK,Ultra,50,1500,57.4,34620000,384.7
978,Gujranwala,32.1877,74.1945,cotton,sandy loam,43.29,Kharif,29.5,243.2,FYM,Ultra,50,1500,1.7,22510800,250.1
979,Rahim Yar Khan,28.4209,70.2952,sugarcane,loam,21.21,Kharif,27.6,509.5,NPK,Extra Heavy,30,900,66.8,15907500,294.6
980,Sukkur,27.7132,68.8482,maize,sandy loam,15.6,Kharif,20.8,385.2,FYM,Extra Heavy,30,900,3.7,7488000,138.7
981,Sukkur,27.7132,68.8482,maize,sandy loam,1.11,Kharif,29.1,464.8,Urea,Small,3,60,3.2,532800,148.0
982,Kasur,31.1155,74.4466,wheat,silty loam,19.48,Rabi,19.8,254.5,DAP,Extra Heavy,30,900,4.1,8766000,162.3
983,Lahore,31.5204,74.3587,cotton,sandy loam,23.12,Kharif,28.3,338.7,None,Extra Heavy,30,900,1.5,12022400,222.6
984,Faisalabad,31.4504,73.135,maize,loam,24.25,Kharif,26.2,404.7,DAP,Extra Heavy,30,900,3.5,11640000,215.6
985,Rawalpindi,33.5651,73.0169,sugarcane,clay loam,22.5,Kharif,32.2,569.4,FYM,Extra Heavy,30,900,64.8,16875000,312.5
986,Sheikhupura,31.7131,73.9783,rice,clay,20.99,Kharif,33.9,698.6,None,Extra Heavy,30,900,4.2,14273200,264.3
987,Sialkot,32.4922,74.5311,cotton,sandy loam,35.13,Kharif,34.6,324.2,None,Mega,40,1200,2.3,18267600,253.7
988,Peshawar,34.0151,71.5249,rice,clay,23.59,Kharif,25.0,777.1,None,Extra Heavy,30,900,4.5,16041200,297.1
989,Lahore,31.5204,74.3587,sugarcane,clay loam,48.79,Kharif,26.3,530.6,NPK,Ultra,50,1500,61.8,36592500,406.6
990,Sialkot,32.4922,74.5311,sugarcane,clay loam,13.54,Kharif,31.6,464.8,NPK,Heavy,20,600,52.1,10155000,282.1
991,Gujranwala,32.1877,74.1945,sugarcane,clay loam,14.3,Kharif,34.5,538.9,Urea,Heavy,20,600,60.5,10725000,297.9
992,Sialkot,32.4922,74.5311,cotton,loam,11.52,Kharif,27.7,257.9,FYM,Heavy,20,600,1.5,5990400,166.4
993,Karachi,24.8607,67.0011,cotton,loam,28.44,Kharif,27.0,313.6,DAP,Mega,40,1200,2.1,14788800,205.4
994,Islamabad,33.6844,73.0479,gram,loamy sand,30.9,Rabi,24.4,202.3,FYM,Mega,40,1200,1.6,10815000,150.2
995,Karachi,24.8607,67.0011,cotton,sandy loam,48.42,Kharif,29.8,336.9,NPK,Ultra,50,1500,1.9,25178400,279.8
996,Peshawar,34.0151,71.5249,potato,sandy loam,9.04,Rabi,21.2,339.3,NPK,Large,10,300,2.7,3616000,200.9
997,Kasur,31.1155,74.4466,sugarcane,clay loam,30.06,Kharif,34.7,472.7,Urea,Mega,40,1200,61.8,22545000,313.1
998,Rawalpindi,33.5651,73.0169,potato,loam,26.25,Rabi,24.1,237.1,NPK,Mega,40,1200,3.3,10500000,145.8
999,Peshawar,34.0151,71.5249,maize,loam,45.96,Kharif,23.2,392.8,NPK,Ultra,50,1500,3.7,22060800,245.1
1000,Gujrat,32.5742,74.0754,maize,loam,21.83,Kharif,28.1,363.3,NPK,Extra Heavy,30,900,3.4,10478400,194.0
